id;address;target_building_id
0;190121, Санкт-Петербург (г.), Санкт-Петербург г, наб кан Грибоедова, д.168, лит Б;13239
1;196084, Санкт-Петербург (г.), Санкт-Петербург, Парфеновская, д.9, к 1;96862
2;190068, Санкт-Петербург г, Садовая ул, д.60;24014
3;190103, Санкт-Петербург (г.), Санкт-Петербург г, Красноармейская 9-я ул, д.9/8;35535
4;190103, Санкт-Петербург г, Лермонтовский пр-кт, д.49;23269
5;190005, Санкт-Петербург (г.), Санкт-Петербург г, Измайловский пр-кт, д.5;126774
6;190005, Санкт-Петербург (г.), Парфёновская (ул.), д.14, Строение 2;214750
7;190103, Санкт-Петербург г, ул. 9-я Красноармейская, д.4-6;89924
8;190013, Санкт-Петербург (г.), Санкт-Петербург, Бронницкая, д.27/21 лА;7071
9;191180, Санкт-Петербург (г.), Санкт-Петербург г, Реки Фонтанки наб, д.90;109726
10;190005, Санкт-Петербург (г.), Санкт-Петербург г, 4-я Красноармейская, д.20/8, литА;110515
11;190031, Санкт-Петербург (г.), Санкт-Петербург г, набережная канала Грибоедова, д.65-67;99276
12;190121, Санкт-Петербург г, Псковская ул, д.22;129106
13;190121, Санкт-Петербург г, Реки Пряжки наб, д.44;98355
14;190000, Санкт-Петербург г, Реки Мойки наб, д.58;22038
15;190000, Санкт-Петербург (г.), Санкт-Петербург г, Декабристов, д.15, лит А;207643
16;190121, Санкт-Петербург г, Римского-Корсакова пр-кт, д.65/11;85316
17;190068, Санкт-Петербург г, Макаренко пер, д.6-8;1077
18;190121, Санкт-Петербург г, Союза Печатников ул, д.3;110737
19;190121, Санкт-Петербург (г.), Санкт-Петербург г, ул. Римского-Корсакова, д.79 лит А;103563
20;199178, Санкт-Петербург г, 12-я В.О. линия, д.25;83657
21;199155, Санкт-Петербург г, Морская наб, д.35, Строение 3;22729
22;199397, Санкт-Петербург г, Кораблестроителей ул, д.29, Строение 3;134429
23;199397, Санкт-Петербург г, Кораблестроителей ул, д.30;201220
24;199106, Санкт-Петербург г, 20-я В.О. линия, д.19;139558
25;199034, Санкт-Петербург г, Большой В.О. пр-кт, д.48/12;5099
26;199106, Санкт-Петербург г, Шевченко ул, д.12;62300
27;199406, Санкт-Петербург г, Гаванская ул, д.58;63423
28;199406, Санкт-Петербург (г.), Санкт-Петербург г, Вадима Шефнера, д.12, к.3;57073
29;199406, Санкт-Петербург г, Шевченко ул, д.36;14171
30;199106, Санкт-Петербург г, Опочинина ул, д.10;27776
31;199226, Санкт-Петербург (г.), Кораблестроителей (ул.), д.19, Строение 7;214029
32;199155, Санкт-Петербург, Морская наб, д.37, Строение 5;82913
33;194100, Санкт-Петербург (г.), Большой Сампсониевский (пр-кт.), д.66;8999
34;194295, Санкт-Петербург (г.), Санкт-Петербург г, Художников пр-кт, д.15-4 А;82012
35;194356, Санкт-Петербург (г.), Санкт-Петербург г, Шателена ул, д.10 А;200304
36;194100, Санкт-Петербург (г.), Грибалёвой (ул.), д.7-2;80774
37;194358, Санкт-Петербург (г.), Санкт-Петербург г, Просвещения пр-кт, д.30-2 А;129975
38;194223, Санкт-Петербург (г.), Санкт-Петербург г, Светлановский пр-кт, д.33 А;13850
39;194354, Санкт-Петербург (г.), Санкт-Петербург г, Луначарского пр-кт, д.27 2, А;94461
40;194358, Санкт-Петербург (г.), Санкт-Петербург г, Шостаковича ул, д.5-2;136171
41;194356, Санкт-Петербург (г.), Санкт-Петербург г, Композиторов ул, д.16 А;200304
42;194358, Санкт-Петербург (г.), Санкт-Петербург г, Прокофьева ул, д.3 2, А;18314
43;194292, Санкт-Петербург (г.), Санкт-Петербург г, Культуры пр-кт, д.26 4, А;6475
44;194100, Санкт-Петербург (г.), Санкт-Петербург г, Муринский 1-й пр-кт, д.3;45099
45;194100, Санкт-Петербург (г.), Санкт-Петербург г, Муринский 1-й пр-кт, д.2;64340
46;194017, Санкт-Петербург (г.), Санкт-Петербург г, Дрезденская ул, д.22-2 А;200304
47;194044, Санкт-Петербург (г.), Большой Сампсониевский (пр-кт.), д.51, Строение А;124756
48;194100, Санкт-Петербург (г.), Лесной (пр-кт.), д.61, Строение 1;20568
49;194291, Санкт-Петербург (г.), Санкт-Петербург г, Луначарского пр-т, д.39 2, А;24322
50;194295, Санкт-Петербург (г.), Санкт-Петербург г, Северный пр-кт, д.24 2, А;59848
51;194358, Санкт-Петербург (г.), Санкт-Петербург г, Михаила Дудина, д.25-3;103916
52;194291, Санкт-Петербург (г.), Санкт-Петербург г, Поэтический б-р, д.15 1, А;104836
53;195297, Санкт-Петербург (г.), Тимуровская (ул.), д.22, Строение 2;95129
54;195067, Санкт-Петербург (г.), Пискарёвский (пр-кт.), д.52, Строение 2;213158
55;195009, Санкт-Петербург (г.), Комсомола (ул.), д.14, Строение 2;16451
56;195009, Санкт-Петербург (г.), Михайлова (ул.), д.5, Строение А;129987
57;195220, Санкт-Петербург (г.), Гражданский (пр-кт.), д.7, Строение 1;88238
58;195257, Санкт-Петербург (г.), Науки (пр-кт.), д.12, Строение 3;100354
59;194064, Санкт-Петербург (г.), Тихорецкий (пр-кт.), д.9, Строение 6;25704
60;195269, Санкт-Петербург (г.), Учительская (ул.), д.6, Строение 2;54018
61;195265, Санкт-Петербург (г.), Черкасова (ул.), д.11, Строение 2;28952
62;195273, Санкт-Петербург (г.), Науки (пр-кт.), д.44, Строение А;112942
63;195271, Санкт-Петербург (г.), Замшина (ул.), д.27, Строение 2;222983
64;195257, Санкт-Петербург (г.), Северный (пр-кт.), д.61, Строение 3;45515
65;195273, Санкт-Петербург (г.), Руставели (ул.), д.34, Строение 2;109263
66;195267, Санкт-Петербург (г.), Просвещения (пр-кт.), д.84, Строение 2;5051
67;195299, Санкт-Петербург (г.), Гражданский (пр-кт.), д.123, Строение 4;98776
68;195269, Санкт-Петербург (г.), Луначарского (пр-кт.), д.88, Строение 2;18059
69;195427, Санкт-Петербург (г.), Светлановский (пр-кт.), д.69, Строение 2;61874
70;195427, Санкт-Петербург (г.), Академика Константинова (ул.), д.14, Строение А;69324
71;195274, Санкт-Петербург (г.), Демьяна Бедного (ул.), д.10, Строение 5;104720
72;195257, Санкт-Петербург (г.), Гражданский (пр-кт.), д.90, Строение 4;3663
73;195257, Санкт-Петербург (г.), Гражданский (пр-кт.), д.83, Строение 2;113888
74;195274, Санкт-Петербург (г.), Луначарского (пр-кт.), д.78, Строение 4;92112
75;195257, Санкт-Петербург (г.), Гражданский (пр-кт.), д.83, Строение 5;113888
76;195271, Санкт-Петербург (г.), Бестужевская (ул.), д.3, Строение 4;215058
77;198260, Санкт-Петербург г, Козлова ул, д.47, Строение 2;107610
78;198261, Санкт-Петербург г, Ветеранов пр-кт, д.105, Строение 2;108181
79;198255, Санкт-Петербург г, Лени Голикова ул, д.37, Строение 3;38825
80;198215, Санкт-Петербург г, Подводника Кузьмина ул, д.15;79246
81;198255, Санкт-Петербург г, Лени Голикова ул, д.64;29540
82;198217, Санкт-Петербург г, Танкиста Хрустицкого ул, д.29;57739
83;198096, Санкт-Петербург г, Стачек пр-кт, д.55;50837
84;198217, Санкт-Петербург г, Дачный пр-кт, д.21, Строение 4;210115
85;198188, Санкт-Петербург г, Васи Алексеева ул, д.5;8630
86;198260, Санкт-Петербург г, Народного Ополчения пр-кт, д.173, Строение 2;8341
87;198255, Санкт-Петербург (г.), проспект Ветеранов, дом 5, корп. 2;48257
88;198035, Санкт-Петербург г, Двинская ул, д.10, Строение 4, литер А;36579
89;198096, Санкт-Петербург г, Автовская ул, д.10;19678
90;198152, Санкт-Петербург г, Автовская ул, д.23;23009
91;196653, Санкт-Петербург г, Колпино г, Карла Маркса ул, д.10;77120
92;196655, Санкт-Петербург (г.), Колпино (г.), Понтонная (ул.), д.11, Строение 1;216261
93;196641, Санкт-Петербург (г.), Полевая, д.25 к 2;215730
94;196655, Санкт-Петербург г, Колпино г, Тверская ул, д.5;109608
95;196657, Санкт-Петербург г, Колпино г, Пролетарская ул, д.44;103085
96;196653, Санкт-Петербург г, Колпино г, Вавилова ул, д.13;24486
97;196657, Санкт-Петербург г, Колпино г, Машиностроителей ул, д.7, Строение 2;91540
98;196653, Санкт-Петербург (г.), Санкт-Петербург г, Колпино г, Раумская, д.3;4253
99;196653, Санкт-Петербург г, Колпино г, Пролетарская ул, д.111, Строение 2;72504
100;196657, Санкт-Петербург г, Колпино г, Красных Партизан ул, д.12;2624
101;195213, Санкт-Петербург г, Шаумяна пр-кт, д.61;115818
102;195176, Санкт-Петербург г, Металлистов пр-кт, д.82, Строение 2, литер А;102867
103;195027, Санкт-Петербург г, Среднеохтинский пр-кт, д.5, Строение 2;71862
104;195027, Санкт-Петербург г, Металлистов пр-кт, д.20;25693
105;195067, Санкт-Петербург (г.), Санкт-Петербург г, Пискаревский, д.163;35204
106;195279, Санкт-Петербург г, Маршала Тухачевского ул, д.5;126244
107;195253, Санкт-Петербург г, Энергетиков пр-кт, д.50, Строение 2;92610
108;195253, Санкт-Петербург г, Энергетиков пр-кт, д.56, Строение 2, литер А;44040
109;195176, Санкт-Петербург г, Революции ш, д.33, Строение 7;25558
110;195248, Санкт-Петербург г, Петра Смородина ул, д.16;51906
111;195426, Санкт-Петербург г, Ленская ул, д.4, Строение 4;7191
112;195213, Санкт-Петербург г, Заневский пр-кт, д.49;27791
113;195030, Санкт-Петербург г, Наставников пр-кт, д.41, Строение 2;131334
114;195030, Санкт-Петербург г, Лазо ул, д.12;82394
115;195030, Санкт-Петербург г, Ударников пр-кт, д.50;108449
116;195298, Санкт-Петербург г, Белорусская ул, д.26, Строение 2;24451
117;195176, Санкт-Петербург (г.), Львовская (ул.), д.4;222391
118;198264, Санкт-Петербург г, Летчика Пилютова ул, д.15, Строение 2, литер А;58792
119;198334, Санкт-Петербург г, Партизана Германа ул, д.43, Строение 2;105088
120;198326, Санкт-Петербург г, улица Политрука Пасечника, д.14;32254
121;198334, Санкт-Петербург г, Партизана Германа ул, д.37, Строение 2;4118
122;198320, Санкт-Петербург г, Красное Село г, Нарвская ул, д.8, Строение 3;45947
123;198329, Санкт-Петербург г, Тамбасова ул, д.8, Строение 3;60895
124;198320, Санкт-Петербург г, Красное Село г, Массальского ул, д.10;44648
125;198206, Санкт-Петербург г, Пионерстроя ул, д.12, Строение 2;25844
126;198206, Санкт-Петербург г, Пионерстроя ул, д.7, Строение 4;60209
127;198320, Санкт-Петербург г, Красное Село г, Кингисеппское ш, д.12, Строение 2;34624
128;198264, Санкт-Петербург г, Ветеранов пр-кт, д.139, Строение 2;44096
129;198320, Санкт-Петербург г, Красное Село г, Массальского ул, д.7;89659
130;198264, Санкт-Петербург (г.), Санкт-Петербург г, Летчика Пилютова ул, д.42;7411
131;198332, Санкт-Петербург г, Маршала Казакова ул, д.38, Строение 2;72961
132;198259, Санкт-Петербург г, Тамбасова ул, д.36, Строение 2;106972
133;198259, Санкт-Петербург (г.), Санкт-Петербург, Здоровцева, д.35 к. 2;87032
134;198328, Санкт-Петербург г, Героев пр-кт, д.24, Строение 4;141061
135;Санкт-Петербург (г.), Дудергофского канала (наб..), д.4 2 1;220139
136;198328, Санкт-Петербург г, Адмирала Коновалова ул, д.6, Строение 1;152230
137;198264, Санкт-Петербург г, 2-ая Комсомольская ул, д.34;55716
138;198329, Санкт-Петербург (г.), Санкт-петербург, ул. Добровольцев, д.18, к.2,;99506
139;198206, Санкт-Петербург (г.), Летчика Пилютова,, д.13, корп.2;8732
140;198238, Санкт-Петербург (г.), Санкт-Петербург, пр. Кузнецова, д.23 корп. 2;12175
141;197760, Санкт-Петербург (г.), Кронштадт (г.), Ленина (пр-кт.), д.3, Строение А;13912
142;197760, Санкт-Петербург г, Кронштадт г, Посадская ул, д.43;76893
143;197761, Санкт-Петербург г, Кронштадт г, Кронштадтское ш, д.34, Строение 2;108198
144;197762, Санкт-Петербург г, Кронштадт г, Гусева ул, д.10;12051
145;197760, Санкт-Петербург (г.), Санкт-Петербург г, Кронштадт г, Флотская ул, д.10, А;108873
146;197762, Санкт-Петербург (г.), Санкт-Петербург г, Кронштадт г, Мануильского, д.31;75518
147;197720, Санкт-Петербург (г.), Зеленогорск, Мира, д.14;213207
148;197720, Санкт-Петербург г, Зеленогорск г, Приморское ш, д.541;33172
149;197706, Санкт-Петербург (г.), Сестрорецк (г.), Николая Соколова (ул.), д.19, Строение А;105710
150;196143, Санкт-Петербург г, Ленсовета ул, д.45, Строение 2А;59638
151;196191, Санкт-Петербург г, Новоизмайловский пр-кт, д.40, Строение 3А;106142
152;196210, Санкт-Петербург (г.), Санкт-Петербург г, Штурманская ул, д.40;18031
153;196105, Санкт-Петербург г, Кузнецовская ул, д.44;99511
154;196135, Санкт-Петербург г, Юрия Гагарина пр-кт, д.26, Строение 9А;2667
155;196191, Санкт-Петербург (г.), Санкт-Петербург г, Варшавская ул, д.47;6633
156;196240, Санкт-Петербург г, Костюшко ул, д.46;33757
157;196105, Санкт-Петербург г, Свеаборгская ул, д.3;45751
158;196105, Санкт-Петербург г, Севастьянова ул, д.4, Строение А;95122
159;196135, Санкт-Петербург (г.), Санкт-Петербург г, Типанова ул, д.16;78122
160;196135, Санкт-Петербург (г.), Санкт-Петербург г, Типанова ул, д.10, лит А;1917
161;196233, Санкт-Петербург г, Космонавтов пр-кт, д.50, Строение 2;74383
162;196143, Санкт-Петербург г, Орджоникидзе ул, д.28;130851
163;196105, Санкт-Петербург г, Московский пр-кт, д.172, Строение 2;24152
164;196105, Санкт-Петербург (г.), Санкт-Петербург г, Московский пр-кт, д.172 к.6 А;138844
165;196158, Санкт-Петербург (г.), Фёдора Котанова, д.3 3 1;221066
166;196244, Санкт-Петербург г, Космонавтов пр-кт, д.40, Строение 2;94335
167;196233, Санкт-Петербург г, Витебский пр-кт, д.73, Строение 2;8005
168;196240, Санкт-Петербург (г.), 5-й Предпортовый (проезд.), д.2;10538
169;196240, Санкт-Петербург (г.), Санкт-Петербург, 1-й Предпортовый проезд, д.13;218739
170;192148, Санкт-Петербург (г.), Уездный (пр-кт.), д.11 1;220839
171;193312, Санкт-Петербург г, Подвойского ул, д.48, Строение 4;107947
172;193230, Санкт-Петербург г, Крыленко ул, д.9, Строение 3;67719
173;193168, Санкт-Петербург г, Антонова-Овсеенко ул, д.5, Строение 3;1886
174;193231, Санкт-Петербург г, Подвойского ул, д.28, Строение 2;18827
175;192076, Санкт-Петербург г, Рыбацкий пр-кт, д.43, Строение 2;8863
176;193312, Санкт-Петербург г, Чудновского ул, д.4, Строение 2;16641
177;193312, Санкт-Петербург г, Солидарности пр-кт, д.8, Строение 2;76723
178;192012, Санкт-Петербург г, Бабушкина ул, д.133, Строение 2;2274
179;193230, Санкт-Петербург г, Крыленко ул, д.15, Строение 3;26904
180;193318, Санкт-Петербург г, Ворошилова ул, д.3, Строение 3;215058
181;193232, Санкт-Петербург г, Большевиков пр-кт, д.31, Строение 2;98916
182;192174, Санкт-Петербург г, Седова ул, д.108;46407
183;193232, Санкт-Петербург г, Крыленко ул, д.45, Строение 2;55235
184;192174, Санкт-Петербург г, Шелгунова ул, д.20;44046
185;192174, Санкт-Петербург г, Шелгунова ул, д.18;108489
186;192177, Санкт-Петербург г, Караваевская ул, д.25, Строение 2;111934
187;192148, Санкт-Петербург г, Цимбалина ул, д.50;99887
188;193315, Санкт-Петербург г, Дальневосточный пр-кт, д.68, Строение 3;59058
189;193149, Санкт-Петербург г, Октябрьская наб, д.122, Строение 6;97780
190;193168, Санкт-Петербург г, Дыбенко ул, д.20, Строение 2;138921
191;192029, Санкт-Петербург г, Елизарова пр-кт, д.7;203524
192;193231, Санкт-Петербург г, Латышских Стрелков ул, д.9, Строение 1;92051
193;193230, Санкт-Петербург г, Евдокима Огнева ул, д.4, Строение 2;100633
194;192076, Санкт-Петербург (г.), Рыбацкий (пр-кт.), д.29, Строение 2;65006
195;192076, Санкт-Петербург (г.), Советский (Усть-Славянка) (пр-кт.), д.36, Строение 3;214674
196;197198, Санкт-Петербург (г.), Санкт-Петербург г, Зверинская, д.28-30, А,;21675
197;197022, Санкт-Петербург г, Профессора Попова ул, д.33;1851
198;197022, Санкт-Петербург (г.), Санкт-Петербург г, Каменноостровский пр-кт, д.27;124613
199;197022, Санкт-Петербург (г), Льва Толстого (ул), д.1-3;17877
200;Бухарестская, д.116;33284
201;Челюскина, д.8;218824
202;Греческий, д.25;24807
203;Крыленко, д.19;11929
204;Псковская, д.1;82342
205;Римского-Корсакова, д.75;60543
206;Дальневосточный, д.59;70905
207;наб. Обводного кан., д.123;1797
208;6 Красноармейская, д.27;74858
209;Новоселов, д.31;57327
210;Подводника Кузьмина, д.46;104731
211;13 линия, д.26;198086
212;Генерала Симоняка, д.23;103430
213;Театральная, д.18;65569
214;Загребский бульвар, д.1;82307
215;Будапештская, д.42;106513
216;Ивана Черных, д.10;110345
217;Бассейная, д.77;5004
218;Московский, д.4;74620
219;Гончарная , д.27  ;92084
220;Фурштатская, д.41;73820
221;Стойкости, д.33;54375
222;Морская наб., д.39;108127
223;Московский , д.151;70249
224;Лиговский , д.215;70485
225;Кадетская линия, д.19;61495
226;Севастопольская, д.48;199180
227;Бухарестская, д.68;199121
228;Подводника Кузьмина, д.4;78217
229;Бульвар Новаторов, д.77;32459
230;Краснопутиловская, д.91;62295
231;Лермонтовский, д.18;88206
232;1 линия, д.50;11128
233;Примакова, д.12;52327
234;Караваевская, д.8;41465
235;18 линия, д.19;100244
236;Малый пр В.О., д.29;28051
237;Софийская, д.31;78702
238;Воронежская , д.33;99769
239;Рылеева , д.6;78957
240;Фурштатская, д.14;32367
241;Дундича Олеко, д.29;140890
242;Ключевая, д.9;95552
243;12 Красноармейская, д.19;45626
244;Пасторова, д.7/13;111973
245;Балтийская, д.23;99931
246;Октябрьская наб., д.31 ;103556
247;15 линия, д.62;37782
248;Моисеенко, д.16;83199
249;Димитрова, д.2;96457
250;15 линия, д.2/27;61620
251;Малая Балканская, д.40;32830
252;Большая Морская, д.34;70886
253;Гороховая, д.5;104891
254;10 линия, д.5;110494
255;Витебский, д.47;81321
256;Матвеева, д.1а;45901
257;Можайская, д.41;76909
258;Кавалергардская , д.19;50115
259;6 линия, д.3/10;16296
260;Ленсовета, д.70;130105
261;Володи Ермака, д.9-11;100133
262;Макарова наб., д.16;125538
263;Купчинская, д.8;83965
264;Садовая, д.50б;28853
265;Камская, д.8;40110
266;Смольная наб., д.8;206337
267;12 Красноармейская, д.15;75374
268;Петергофское ш, д.13;104123
269;Славы, д.38;46616
270;Римского-Корсакова, д.87/21;103385
271;Шкапина, д.50;99787
272;Жуковского , д.38;79044
273;Маршала Захарова, д.9;100946
274;10 Советская , д.12/29;1064
275;11 Красноармейская, д.28;62698
276;Нахимова, д.22;222469
277;Металлистов, д.116;129947
278;Лермонтовский, д.53;205209
279;Средний, д.83;218702
280;Курляндская, д.16-18;198681
281;Детская, д.6;84872
282;Серпуховская , д.31;97588
283;Нахимова, д.12;5472
284;13 линия, д.44;56172
285;Большевиков, д.71;44751
286;Малая Митрофаньевская, д.8;221083
287;Гаванская, д.12;52160
288;Звездная, д.7;3156
289;Гладкова, д.6/11;30277
290;Грузовой проезд, д.16;28173
291;Шпалерная , д.34;50373
292;Вознесенский, д.55;118200
293;наб. Обводного кан., д.151/153;82182
294;наб. Обводного кан., д.82;47612
295;Лиговский , д.239;2369
296;Дачный , д.31;39568
297;Дачный, д.16;35230
298;7 Советская , д.16;129200
299;13 линия, д.16;75423
300;Средний, д.48/27;93383
301;Боткинская, д.1;36762
302;Шевченко, д.21;50885
303;Пражская, д.15;2572
304;Конная, д.15;29912
305;Садовая, д.85;101924
306;Лабутина, д.16;198549
307;Воронежская , д.84;113174
308;Крыленко, д.17;25846
309;Пражская, д.13;78109
310;Маршала Тухачевского, д.8;36532
311;наб. реки Фонтанки, д.161;206902
312;Жуковского , д.57;5691
313;Караваевская, д.36;132761
314;Лабораторная, д.8/53;101350
315;Кирочная , д.6;26818
316;Таврический пер., д.12;79634
317;наб. Обводного кан., д.11;53418
318;Кавалергардская , д.16;102494
319;Псковская, д.9;68106
320;Английский, д.26;58933
321;Витебский, д.63;58140
322;Пражская, д.20;124988
323;Рылеева , д.10;59859
324;Примакова, д.8;111504
325;Радищева , д.32/23 ;103754
326;Нарвский, д.25;24389
327;6 Красноармейская, д.22;53642
328;6 линия, д.11;215265
329;Большой пр В.О., д.78 В;61281
330;Белы Куна, д.6;130926
331;Маршала Говорова, д.34;102163
332;Дачный , д.8;31788
333;7 Советская , д.17;36023
334;Ветеранов, д.95;72793
335;Сенная пл., д.13;36497
336;Бурцева, д.9;42609
337;Металлистов, д.80;35884
338;7 Красноармейская, д.18;43101
339;Космонавтов, д.60;104190
340;Чайковского , д.10;102891
341;Трефолева, д.1;72225
342;14 линия, д.35;198090
343;Минеральная, д.13 г;202883
344;Кубинская, д.64;108147
345;Лени Голикова, д.12;33566
346;Маршала Жукова, д.72;20170
347;Зайцева, д.22/13;72576
348;Серпуховская , д.43;43546
349;Энергетиков, д.42;87138
350;16 линия, д.39;39712
351;Моховая, д.20;81307
352;Измайловский, д.8;100165
353;Басков пер., д.5;89295
354;Херсонская, д.4/14 ;55254
355;наб. Обводного кан., д.86;61845
356;Народная, д.59;71302
357;Стачек, д.74;87320
358;наб. реки Фонтанки, д.76;87969
359;Славы, д.15;105132
360;Старо-Петергофский, д.35б;40809
361;пл. Балтийского вокзала, д.1;22481
362;Маршала Жукова, д.54;209647
363;Воронежская , д.98;40658
364;8 линия, д.21/29;20504
365;Лермонтовский, д.31;7787
366;Рылеева , д.25;54931
367;Кожевенная линия, д.42;35218
368;Новоселов, д.21;7954
369;Галерная, д.18;55422
370;Невский, д.93;25598
371;Дачный , д.17;45097
372;Брюсовская, д.26;39160
373;Будапештская, д.77;42517
374;Будапештская, д.102;210866
375;Шлиссельбургский, д.45;7480
376;5 Советская, д.28;28360
377;Караваевская, д.31;95831
378;2 Советская , д.12;43031
379;27 линия, д.8;112582
380;Витебская, д.29;222768
381;Боровая, д.74;17439
382;Арсенальная, д.21;37709
383;Гастелло, д.7;221754
384;Дунайский, д.53;49232
385;Манежный пер. , д.7;4226
386;Вознесенский, д.47;129040
387;5 Советская, д.40;20997
388;Апрельская, д.6;14485
389;13 линия, д.56;22462
390;Блюхера Маршала, д.63;28450
391;Почтамтская, д.13;1507
392;Полюстровский, д.5;115496
393;Университетская наб., д.21;16141
394;Будапештская, д.34;38639
395;Дачный , д.4;199226
396;Макаренко, д.5;45003
397;наб. реки Фонтанки, д.101;43289
398;Дегтярный пер., д.26;82223
399;Оборонная, д.5;47142
400;Блюхера Маршала, д.36;84827
401;Рыбацкий, д.35;3529
402;8 линия, д.67;82490
403;Маяковского , д.50;12957
404;Тучков, д.11/5;26311
405;Наличная, д.10/13;46778
406;Энергетиков, д.38;46843
407;Б Сампсониевский, д.21;62706
408;Кораблестроителей, д.16;11853
409;Солдатский пер. , д.3;39540
410;Боровая, д. 64;97208
411;Бронницкая , д.21;32625
412;Замшина, д.38;5741
413;Малодетскосельский, д.29;196932
414;Ветеранов, д.26;74768
415;Декабристов, д.57;55296
416;Кубинская, д.58;108371
417;24 линия, д.27;10083
418;Греческий, д.23/2;40771
419;Никольский, д.7;42805
420;Большой пр В.О., д.56;44578
421;5 линия, д.52;36559
422;Новоизмайловский, д.15;78842
423;5 Красноармейская, д.6;80740
424;14 линия, д.85;7728
425;Дачный, д.8;31788
426;Белы Куна, д.21;54257
427;Народная, д.64;54076
428;2 линия, д.7;114012
429;Маршала Казакова, д.26;128231
430;Швецова, д.39;111107
431;Фурштатская, д.42;102298
432;Тракторная, д.12;77676
433;наб. кан. Грибоедова, д.168;82548
434;Средний, д.98;198813
435;Курляндская, д.1;12967
436;Ветеранов, д.88;65354
437;2 линия, д.51;87577
438;Гашека Ярослава, д.10/85;91393
439;9 Советская , д.39/24 ;60487
440;Тверская , д.20;58821
441;Фонарный, д.4;50105
442;Мытнинская , д.11;59453
443;Бульвар Новаторов, д.29;82153
444;10 линия, д.47;87147
445;Воронежская , д.86;51464
446;Яковлевский, д.5;41192
447;Примакова, д.10;105024
448;Нахимова, д.8;89895
449;Малая Бухарестскаяица, д.3;25290
450;Будапештская, д.9;83927
451;Стачек, д.71;49378
452;Белоусова, д.10;104157
453;Подводника Кузьмина, д.15;79246
454;Севастьянова, д.12;110163
455;Рузовская, д.25;104251
456;Галерная, д.46;94049
457;Севастопольская, д.44;72124
458;Рихарда Зорге, д.14;111042
459;Купчинская, д.14;69152
460;Шкиперский проток, д.12;58560
461;Купчинская, д.9;30479
462;Козлова, д.43;20553
463;Старо-Петергофский, д.27а;69057
464;Итальянская, д.37/18 ;42323
465;Английский, д.17-19;44073
466;Народная, д.29;2346
467;Серпуховская , д.8;25995
468;Челиева пер, д.11;11629
469;Радищева , д.21/10;77184
470;Народного Ополчения, д.187;83388
471;Ленинский, д.125;49757
472;Комсомола, д.37а;13026
473;12 линия, д.55/20;99381
474;Альпийский, д.7;37273
475;Маршала Говорова, д.38;197942
476;Рылеева , д.5;33539
477;Купчинская, д.30;112635
478;Серпуховская , д.25;138808
479;Балтийская, д.22;80483
480;Витебский, д.25;44699
481;Захарьевская, д.27;73752
482;Литейный, д.30;101240
483;Шмидта лейтенанта наб., д.37;35887
484;Лени Голикова, д.114;23223
485;5 Красноармейская, д.18;47668
486;Будапештская, д.10;55654
487;Маршала Жукова, д.70;4083
488;Б. Казачий пер. , д.3;76107
489;Бульвар Новаторов, д.17;20151
490;Рыбацкий, д.49;43454
491;Лиговский , д.171;24792
492;Воронежская , д.46-48 ;47271
493;Серпуховская , д.26;196934
494;Стачек, д.106;69797
495;Урхов, д.3;6370
496;Дойников пер. , д.5-7;58441
497;наб. реки Мойки, д.94;10913
498;Народного Ополчения, д.115;55732
499;Рылеева , д.15;97234
500;Бурцева, д.7;52994
501;наб. Обводного кан., д.140;66954
502;Литейный, д.52;52626
503;6 Советская , д.39;54875
504;Будапештская, д.19;27693
505;Металлистов, д.91;75719
506;Суворовский , д.62;10949
507;14 линия, д.9;57609
508;Расстанная, д.3б;76090
509;8 Советская , д.60;69538
510;Будапештская, д.17;131235
511;Садовая, д.79;43262
512;Ленинский, д.144;130881
513;Юрия Гагарина, д.46;105429
514;Витебский, д.67;86089
515;1 Советская , д.10;79342
516;19 линия, д.16 а;71209
517;10 Советская , д.16;93000
518;Стачек, д.77;39922
519;14 линия, д.99;79151
520;7 Красноармейская, д.11;6740
521;Крыленко, д.33;47532
522;Будапештская, д.45;138587
523;Рижский, д.52;111379
524;Фурштатская, д.16;27280
525;7 линия, д.12;82285
526;Садовая, д.117;80793
527;Маршала Говорова, д.39;54437
528;Садовая, д.49;22444
529;Лени Голикова, д.43;45672
530;Новостроек, д.6;69104
531;Садовая, д.82;48788
532;13 Красноармейская, д.15;34885
533;Шкиперский проток, д.20;125961
534;Кондратьевский, д.70;126137
535;Саперный пер. , д.24/34 ;223486
536;Рыбацкий, д.45;61619
537;11 Красноармейская, д.16;29393
538;Дунайский, д.49/126;22861
539;Серпуховская , д.3;57594
540;1 линия, д.52;52753
541;Казначейская, д.13;60291
542;Краснопутиловская, д.36;64381
543;Галерная, д.7;70801
544;Малая Балканская, д.52;17641
545;Полюстровский, д.29;82619
546;Суворовский , д.37;72897
547;Металлистов, д.109;59288
548;Большевиков, д.30;131894
549;Дунайский, д.36;91755
550;Червоного Казачества, д.16;31354
551;Малодетскосельский, д.30;109952
552;8 линия, д.61;78751
553;Гражданская, д.6;72505
554;4 линия, д.1/3;42965
555;Циолковского, д.3Б;81259
556;Будапештская, д.4;50500
557;Наличная, д.23;89344
558;Митавский пер., д.3;33148
559;Рузовская, д.12 ;31073
560;9 Советская , д.10-12;94303
561;Дунайский, д.33;69435
562;Софийская, д.20;14251
563;Краснопутиловская, д.85;63865
564;Мытнинская , д.7;38156
565;9 линия, д.72;198780
566;Стачек, д.57;76627
567;Пискаревский, д.35;107505
568;Турку, д.31;112844
569;Народного Ополчения, д.97;87165
570;Маршала Тухачевского, д.22;47399
571;Маршала Захарова, д.19;8502
572;Маяковского , д.20;93104
573;1 Красноармейская, д.13;16306
574;Суворовский , д.60;109936
575;Стачек, д.55;50837
576;Лени Голикова, д.106;47610
577;наб. реки Мойки, д.92;72399
578;Гончарная , д.25;196903
579;Большая Морская, д.29;113311
580;Литейный, д.29;39875
581;Бульвар Новаторов, д.70;4154
582;Маршала Захарова, д.27;59958
583;12 Красноармейская, д.10;15091
584;Калинина, д.10;9378
585;Беринга, д.4;38602
586;Бассейная, д.29;91358
587;Варшавская, д.43;53802
588;Средний, д.33;76463
589;Большая Морская, д.59;77997
590;Кондратьевский, д.23;124947
591;Купчинская, д.25/11;75524
592;Малая Балканская, д.36;12566
593;Бестужевская, д.34;62261
594;Замшина, д.13;1809
595;Маршала Говорова, д.22;199182
596;16 линия, д.53;83533
597;Народного Ополчения, д.175;13605
598;Невский, д.160;77827
599;Большая Морская, д.57;11747
600;наб. Обводного кан., д.118;24515
601;Мечникова, д.8;63143
602;Воронежская , д.57;52321
603;Жуковского , д.26;5744
604;Бульвар Новаторов, д.13;59504
605;Доблести, д.20;17052
606;Адмиральский проезд, д.6;107936
607;Фурштатская, д.18;12843
608;Народная, д.83;40165
609;4 Советская , д.23;196897
610;Пестеля , д.21;3705
611;Опочинина, д.5;198831
612;12 Красноармейская, д.21;197854
613;Тамбовская, д.75а;332
614;Стойкости, д.8;28091
615;Шевченко, д.36;14171
616;Верейская , д.23;129259
617;Рабочий, д.3;39842
618;Верейская , д.18;14448
619;Чайковского, д.77;4281
620;Тельмана, д.51;84233
621;Свердловская наб., д.18;82411
622;Серпуховская , д.17;112892
623;Солдата Корзуна, д.54;76278
624;Витебский, д.31;54042
625;Моховая, д.28;36562
626;14 линия, д.57;83162
627;Полюстровский, д.15;92765
628;Галерная, д.51;84048
629;Апраксин пер. , д.20;93190
630;Морская наб., д.23;47236
631;Гродненский пер. , д.17;107201
632;2 линия, д.5;74540
633;Греческий, д.29;198631
634;Весельная, д.11;74531
635;Литейный, д.54;101947
636;Счастливая, д.17;106696
637;Шпалерная , д.50;14173
638;Малодетскосельский, д.25/12;95165
639;Некрасова , д.31;35731
640;Карташихина, д.22;4311
641;Галерная, д.8;69105
642;Рижский, д.70;72001
643;Народного Ополчения, д.103;6155
644;Гродненский пер. , д.15;14781
645;Дундича Олеко, д.12;67401
646;Дегтярная, д.9/32;2427
647;8 Советская , д.47;28986
648;Лени Голикова, д.112;46360
649;8 линия, д.9;197863
650;Ветеранов, д.27;38342
651;Подводника Кузьмина, д.7;20424
652;Кима пр, д.4;95521
653;Ветеранов, д.82;35238
654;Народного Ополчения, д.155;37516
655;8 Советская , д.9/13;44403
656;Металлистов, д.87;53720
657;наб. реки Фонтанки, д.28;101381
658;Рылеева , д.2/6;52759
659;Новоселов, д.63;42724
660;Гаванская, д.53 .А;92448
661;Победы пл., д.5;202171
662;Ветеранов, д.86;48464
663;наб. реки Фонтанки, д.107;24414
664;Опочинина, д.16;2968
665;Кирочная , д.64;63438
666;Серпуховская , д.23;18853
667;Саперный пер. , д.8;139255
668;Замшина, д.26;707
669;Нахимова, д.5;87401
670;Пирогова, д.3;48679
671;13 линия, д.64/39;71582
672;Рижский, д.14;43843
673;Брюсовская, д.5;61875
674;Шмидта лейтенанта наб., д.11/2 А;200604
675;Маршала Жукова, д.62;100019
676;наб. реки Пряжки, д.40;3269
677;Конная, д.5/3;88617
678;Английская наб., д.74/3;613
679;Ленинский, д.89;32992
680;Чайковского , д.40;106472
681;Блюхера Маршала, д.21;80568
682;Малый пр В.О., д.53;75713
683;Моховая, д.21-23 ;21943
684;Среднегаванский пр, д.3;37912
685;Римского-Корсакова, д.51;88450
686;Шлиссельбургский, д.37;70272
687;Фурштатская, д.40;59276
688;Будапештская, д.99;107318
689;Звездная, д.5;200072
690;Садовая, д.66;42507
691;Большой пр В.О., д.11;2757
692;Бестужевская, д.49;3741
693;Замшина, д.56;82809
694;6 линия, д.53;61980
695;Дальневосточный, д.71;71330
696;Будапештская, д.30;41280
697;Караваевская, д.6;101665
698;Автовская, д.30;58820
699;Кирочная , д.56;51528
700;10 Советская , д.24;101612
701;Гагаринская , д.20;37355
702;5 линия, д.54;58046
703;Ключевая, д.29;75632
704;5 Советская, д.37;138862
705;2 Красноармейская, д.7;69937
706;Римского-Корсакова пр, д.8/18;21540
707;Макаренко, д.2/66;125561
708;Гороховая, д.2/6;4650
709;Измайловский, д.19/2;109090
710;Ветеранов, д.21;14908
711;Весельная, д.2/93;91912
712;Большая Морская, д.69;32741
713;1 линия, д.24;110439
714;Оборонная, д.19;62730
715;Московский, д.192;59173
716;Костюшко, д.42;91945
717;Гладкова, д.19;77873
718;9 Красноармейская, д.13;90918
719;Пестеля , д.23;21986
720;Лодыгина, д.9;33412
721;Космонавтов, д.46;22031
722;Бухарестская, д.66;17145
723;Шкиперский проток, д.15;34525
724;5 Советская, д.19;15831
725;Измайловский, д.5;126774
726;7 Советская , д.9/20;68852
727;Гагаринская , д.18;44278
728;Басков пер., д.21;8915
729;Средний, д.99/18;50722
730;Кирочная , д.30;69048
731;Конная, д.12;66865
732;наб. реки Пряжки, д.28;30603
733;Славы, д.25;107651
734;Тележная , д.15;198645
735;Малая Морская, д.16;52620
736;Одесская , д.2;106341
737;Гаванская, д.26;198815
738;Бухарестская, д.118;3636
739;4 линия, д.49;101184
740;Ор.Федорова , д.7;11665
741;Стачек, д.86;69480
742;Невский, д.88;99435
743;Народная, д.58;41191
744;Косая линия, д.11-13;107799
745;Средний, д.75;94859
746;Балтийская, д.51;200134
747;Счастливая, д.13;215722
748;Тележная , д.23;42695
749;Блюхера Маршала, д.54;57368
750;4 Советская , д.4/9;46433
751;Малая Морская, д.12;107613
752;Кондратьевский, д.54;102599
753;Малая Балканская, д.58;66213
754;12 Красноармейская, д.6;35016
755;4 линия, д.65/67;61213
756;наб. Крюкова кан., д.27/10;201218
757;Гашека Ярослава, д.12/100;130083
758;3 линия, д.50;92508
759;Огородный, д.5;57211
760;Театральная пл., д.12;73472
761;Ленинский, д.120;75016
762;Казанская, д.56;62517
763;10 Советская , д.21/16;1064
764;Джамбула пер. , д.9;3091
765;Народного Ополчения, д.26;99861
766;Восстания, д.40/18 ;99612
767;Моисеенко, д.15-17  ;55960
768;Доблести, д.24;83959
769;Детская, д.15а;17549
770;Лени Голикова, д.48;81882
771;Дачный , д.33;22198
772;Новоселов, д.7;96460
773;Космонавтов, д.44;15789
774;Моховая, д.16;95130
775;Костюшко, д.84;32791
776;Космонавтов, д.90;54275
777;наб. кан. Грибоедова, д.123;66922
778;5 Красноармейская, д.26;89993
779;Дровяная, д.7а ;74605
780;Нарвский, д.16;13116
781;Кондратьевский, д.53;1574
782;6 Красноармейская, д.17;103029
783;Наличная, д.5;13513
784;Старо-Петергофский, д.42;138730
785;Кима пр, д.30;52447
786;Кожевенная линия, д.41;39980
787;Кондратьевский, д.24;66878
788;Краснопутиловская, д.37;18870
789;Варшавская, д.8;76450
790;Новоизмайловский, д.46;23316
791;4 линия, д.55/8;8377
792;наб. реки Фонтанки, д.145/14;218204
793;Метростроевцев, д.3;88802
794;Лени Голикова, д.56/53;72420
795;Новоизмайловский, д.39;18600
796;Почтамтская, д.14;11406
797;Большевиков, д.81;73118
798;Брюсовская, д.7;58317
799;Будапештская, д.86;109928
800;Краснопутиловская, д.127;39092
801;9 Советская , д.19;34785
802;Старо-Петергофский, д.39;79192
803;Старо-Петергофский, д.41;51008
804;Костюшко, д.10;22492
805;Зои Космодемьянской, д.6;66132
806;Ал. Невского , д.4;88693
807;Синопская наб., д.36;64138
808;Трефолева, д.35;82653
809;Лени Голикова, д.40;59164
810;3 Советская , д.32/8;544
811;Якубовича, д.6;51242
812;12 линия, д.37;36556
813;15 линия, д.12;10622
814;Климов, д.4;36408
815;Бульвар Новаторов, д.73;85823
816;5 Красноармейская, д.16;49438
817;Почтамтская, д.16;104524
818;пл. Труда, д.2;111883
819;Декабристов, д.8;108163
820;Васи Алексеева, д.19;80032
821;Стасовой, д.6;32606
822;7 линия, д.28;112444
823;Народного Ополчения, д.161;56872
824;Галерная, д.75;84200
825;Новосмоленская наб., д.2;76678
826;Ветеранов, д.67;22699
827;8 Красноармейская, д.22;58199
828;Октябрьская наб., д.70;67968
829;Верейская , д.8-10;103980
830;Шлиссельбургский, д.11;101625
831;Тельмана, д.50;73726
832;Синопская наб., д.32/35  ;89539
833;Можайская, д.18;51262
834;Шмидта лейтенанта наб., д.23;68451
835;Славы, д.24;109705
836;Блюхера Маршала, д.56;47796
837;17 линия, д.18;60660
838;5 Красноармейская, д.10;216588
839;Большой пр В.О., д.49;106113
840;Лиговский , д.11;198534
841;Стойкости, д..2/10;82781
842;Тельмана, д.46;83093
843;Кондратьевский, д.46;130546
844;Чайковского , д.23;92472
845;11 линия, д.14/39;45210
846;Заячий пер. , д.6/18;62211
847;Маршала Захарова, д.10;215715
848;6 Красноармейская, д.6;23396
849;Варшавская, д.52;19163
850;Невский, д.69;91251
851;Железноводская, д.56;76758
852;Будапештская, д.15;64030
853;Бухарестская, д.140;68424
854;Октябрьская наб., д.118;43990
855;наб. Обводного кан., д.205;31542
856;Новоизмайловский, д.37;38496
857;4 Советская , д.5;112091
858;8 линия, д.39;49263
859;Оборонная, д.6;65362
860;Маршала Тухачевского, д.35;51219
861;Возрождения, д.4;4937
862;8 линия, д.51;110460
863;пл. Репина, д.1/201;53814
864;Малый пр В.О., д.38;65327
865;Конная, д.28;34620
866;Ветеранов, д.96;128784
867;Маяковского , д.17;198598
868;Тельмана, д.40;126258
869;9 Советская , д.15;65162
870;Лиговский , д.175;54247
871;Фурштатская, д.33;52501
872;Народная, д.61;11319
873;Новостроек, д.8;32647
874;8 линия, д.85;99655
875;Шпалерная, д.26;31678
876;Шевченко, д.5/6;89892
877;Гончарная , д.17;25670
878;Тверская , д.12/15;69382
879;Бронницкая , д.36/37 ;203007
880;Турбинная, д.10;102482
881;Народная, д.14;110936
882;Б. Бруевича, д.3;76047
883;Митрофаньевское, д.5;62586
884;Старо-Петергофский, д.44;89428
885;Садовая, д.54;69573
886;наб. реки Пряжки, д.4-6;20248
887;Будапештская, д.72;78797
888;17 линия, д.16;43971
889;12 Красноармейская, д.2;98908
890;наб. кан. Грибоедова, д.136;11724
891;Римского-Корсакова, д.113;79995
892;Солдата Корзуна, д.38;65017
893;Федосеенко, д.37;30906
894;7 Советская , д.18/21 ;34000
895;Козлова, д.20;76098
896;Театральная пл., д.16;39939
897;Славы, д.2;138696
898;Энергетиков, д.66;104360
899;Счастливая, д.9;43206
900;3 Красноармейская, д.18;92573
901;Краснопутиловская, д.79;1539
902;Ленсовета, д.72;29264
903;Крыленко, д.29;60831
904;7 линия, д.40;21362
905;Шевченко, д.17;58621
906;Танкиста Хрустицкого, д.25;27661
907;Бульвар Новаторов, д.37;75261
908;Бакунина , д.17;13876
909;Шлиссельбургский, д.41;55976
910;Моисеенко, д.12-14;14010
911;Ветеранов, д.48;98392
912;3 Советская , д.21;102484
913;Казанская, д.39;66421
914;Большевиков, д.55;51722
915;Подольская , д.21;94366
916;3 линия, д.10 Б;25785
917;Маршала Жукова, д.26;9575
918;Верейская , д.13;92690
919;Английская наб., д.56;29371
920;Лебедева Академика, д.31;8057
921;Дегтярная, д.31;7396
922;Лени Голикова, д.39;6276
923;Подводника Кузьмина, д.32;97832
924;Кирилловская , д.20;86083
925;Серпуховская , д.44-46  ;80205
926;Пискаревский, д.11;38465
927;Измайловский, д.23;45865
928;Макарова наб., д.18 А;82765
929;Некрасова , д.56;89762
930;17 линия, д.44;36427
931;Детская, д.3;15844
932;Маяковского , д.40;196192
933;4 Советская , д.18/9;36496
934;Ковенский, д.13;43390
935;Козлова, д.19;102114
936;6 Красноармейская, д.21;71436
937;наб. реки Мойки, д.120;50668
938;Кавалергардская , д.10;34993
939;Новоселов, д.29;92287
940;Витебская, д.12;38124
941;Декабристов, д.32;32500
942;Рыбацкий, д.55;84507
943;Замшина, д.35;20668
944;Кораблестроителей, д.20 к.1;14065
945;Фурштатская, д.37;2944
946;Юрия Гагарина, д.24;77890
947;Малый пр В.О., д.63;112740
948;6 линия, д.47;45957
949; пр Стачек , д.206;102424
950;Малый пр В.О., д.27;198778
951;Митавский пер., д.10;47070
952;Казанская, д.26/27;95989
953;Львовская, д.27;35237
954;Камская, д.14;59402
955;Будапештская, д.83/39;67150
956;Софийская, д.57;37768
957;Чайковского , д.31;35243
958;Конная, д.30;91029
959;Верейская , д.14;82206
960;Бронницкая , д.29/22 ;203007
961;Будапештская, д.24;61996
962;Замшина, д.32;113281
963;Тракторная, д.15;31482
964;3 Красноармейская, д.12;5059
965;Беринга, д.32;23303
966;Стачек, д.33/2;49747
967;Садовая , д.25;72046
968;Шевченко, д.12;62300
969;Расстанная, д.4;130619
970;Шлиссельбургский, д.21;49919
971;Ветеранов, д.13;31782
972;Средний, д.15;96857
973;Кораблестроителей, д.21/3;207634
974;Будапештская, д.7;14438
975;Железноводская, д.31;61222
976;Солдата Корзуна, д.58;3248
977;Конная, д.24;37536
978;Воронежская , д.31;66866
979;Маяковского , д.19;216755
980;Бульвар Новаторов, д.50;21753
981;Металлистов, д.79;23834
982;Лабутина, д.10;103767
983;Кавалергардская , д.21;46640
984;5 линия, д.58;138606
985;Тельмана, д.32;65870
986;Севастопольская, д.9;214967
987;Дойников пер. , д.9;31007
988;Михайлова, д.8;97138
989;Вознесенский пр, д.28;79569
990;Варшавская, д.45;65469
991;Средний, д.85;124408
992;Садовая, д.91;11085
993;Лени Голикова, д.35;50991
994;Брестский б-р, д.17;98214
995;Стойкости, д.35;9761
996;Боровая, д.76;64481
997;Якубовича, д.14;45307
998;Егорова, д.16;73389
999;1 Красноармейская, д.4;197849
1000;Пестеля , д.19;113892
1001;Кожевенная линия, д.40;75790
1002;Институтский, д.1;49439
1003;Ковалёвская, д.25;82142
1004;Енотаевская, д.14;53357
1005;Приморский, д.161;78350
1006;Энтузиастов, д.22;77684
1007;2-й Рабфаковский, д.22;27406
1008;Тамбасова, д.26;60361
1009;Малиновская, д.7;48718
1010;Коммуны, д.40;97867
1011;Глинки, д.16/8;124211
1012;Братьев Радченко, д.29;87962
1013;Руднева, д.24;98664
1014;Пролетарская, д.141;65072
1015;Серебристый, д.6;92479
1016;Руднева, д.13;102976
1017;Ланское, д.59;92630
1018;Шаумяна, д.57;62760
1019;Карпинского, д.34;17244
1020;Трудящихся, д.11/17;47659
1021;Школьная, д.22;28781
1022;Тихорецкий, д.10;98323
1023;Тельмана, д.8;112035
1024;Первого Мая, д.83;124351
1025;3-й Рабфаковский, д.5;90301
1026;Валерия Гаврилина, д.3;139498
1027;Политрука Пасечника (Торики), д.17;17248
1028;Советская, д.33;15629
1029;Луначарского, д.58;16066
1030;Испытателей, д.14;59631
1031;Народного Ополчения, д.41;17762
1032;Новочеркасский, д.62;50358
1033;Громова, д.12;41990
1034;Партизана Германа, д.12;13352
1035;Омская, д.2;8688
1036;Индустриальный, д.35;18340
1037;Пархоменко, д.8;46215
1038;Шаврова, д.23;26323
1039;Манчестерская, д.4;42354
1040;Школьная, д.6;11317
1041;Энгельса, д.54;113867
1042;Учительская, д.14;85820
1043;Красная, д.9;218176
1044;Софьи Ковалевской, д.5;22704
1045;Вербная, д.12;46789
1046;Комендантский, д.24;67841
1047;Новочеркасский, д.54;93658
1048;Просвещения, д.20/25;130674
1049;Ленинградская, д.85/12;26172
1050;Дальневосточный, д.38;16667
1051;Лесное, д.1-2;21660
1052;Косыгина, д.9;54298
1053;Товарищеский, д.12;20162
1054;Лётчика Пилютова, д.48;85260
1055;Науки, д.77;9581
1056;Октябрьская, д.42, уч. 9;38502
1057;Народного Ополчения, д.25;102591
1058;Бутлерова, д.9;6566
1059;Павловское, д.67;41133
1060;Долгоозёрная, д.8;23609
1061;Мануильского, д.1/8;215456
1062;1-й Предпортовый, д.13;218739
1063;Октябрьская, д.39;42932
1064;Сизова, д.22;126060
1065;Студенческая, д.26;217496
1066;Московский, д.166;111667
1067;Науки, д.63;86600
1068;Восстания, д.20;71029
1069;Октябрьская, д.17/3;61186
1070;Ланское, д.8;80025
1071;Товарищеский, д.3;52856
1072;Новочеркасский, д.24;44605
1073;Наставников, д.24;82975
1074;Тельмана, д.28;200367
1075;Комендантский, д.37;5231
1076;Пятилеток, д.15;32073
1077;Пятилеток, д.13;37730
1078;Ленская, д.21;39196
1079;Полярников, д.6;68904
1080;Астраханская, д.28;36277
1081;Ново-Александровская, д.6;108303
1082;Светлановский, д.99;98668
1083;Раевского, д.6;103982
1084;Маршала Захарова, д.18;16671
1085;Приморский, д.41;21855
1086;Школьная, д.20;8899
1087;Просвещения, д.24/2;63480
1088;Композиторов, д.31;100810
1089;Седова, д.91;43899
1090;Ленина, д.13/16;41752
1091;Ярославский, д.9;81683
1092;Руставели, д.32;96837
1093;Кронштадтское, д.28;101877
1094;Гражданский, д.89/71;126157
1095;Карельский, д.3;10082
1096;Композиторов, д.1;7895
1097;Авиаконструкторов, д.47;10956
1098;Долгоозёрная, д.1;1553
1099;Науки, д.37;20622
1100;Учительская, д.18;112754
1101;Тверская, д.38;51337
1102;Большеохтинский, д.22;100408
1103;Тореза, д.18;44668
1104;Пролетарская, д.103;9415
1105;Черкасова, д.14;78375
1106;Новочеркасский, д.50;105474
1107;Искровский, д.6;126263
1108;Пролетарская, д.115;83794
1109;Коммунистическая, д.4/18;90139
1110;Тверская, д.4;73383
1111;Костюшко, д.1;63376
1112;Шаврова, д.5;73185
1113;Лётчика Пилютова, д.18;109792
1114;Гражданский, д.88;57351
1115;Труда, д.16;21742
1116;Белорусская, д.6;102845
1117;Академика Байкова, д.1;56804
1118;Ветеранов, д.143;67376
1119;5-й Предпортовый, д.10;8226
1120;Клочков, д.8;130034
1121;Вячеслава Шишкова, д.30;31087
1122;Николая Рубцова, д.11;198019
1123;Народного Ополчения, д.213;37481
1124;Бутлерова, д.22;64013
1125;Савушкина, д.33;1289
1126;Большевиков, д.2;19507
1127;Ленинский, д.56;211926
1128;Коломяжский, д.34;105786
1129;Карпинского, д.31;104290
1130;Верности, д.48;2211
1131;Генерала Хрулёва, д.6;107225
1132;Коллонтай, д.31;24462
1133;Добровольцев, д.26;46750
1134;Руставели, д.2;88845
1135;Революции, д.37;81189
1136;Велещинского, д.15;207281
1137;Ушинского, д.15;84014
1138;Тореза, д.26;83473
1139;Михаила Дудина, д.12;208108
1140;Культуры, д.31;109283
1141;Науки, д.32;110498
1142;Трудящихся, д.30;89189
1143;Красных Партизан, д.16;29779
1144;Фаворского, д.18;72191
1145;Энгельса, д.145;31321
1146;Асафьева, д.12;31165
1147;Полевая, д.9;72405
1148;Елизарова, д.24;117114
1149;5-й Предпортовый, д.12;4375
1150;Гражданский, д.108;104026
1151;Оптиков, д.33;139647
1152;Комсомола, д.3/2;27468
1153;Киришская, д.4;68321
1154;Танкистов, д.14;38382
1155;Пулковское, д.30;90074
1156;Труда, д.15/5;23387
1157;Шаумяна, д.58;94407
1158;Всеволода Вишневского, д.20/20;94232
1159;Загородная, д.62;86082
1160;Маршала Новикова, д.13;34250
1161;Энгельса, д.65;197168
1162;Ленина, д.75;25533
1163;Тосненский, д.20;79057
1164;Ланское, д.27;5005
1165;Авиаконструкторов, д.36;75930
1166;Генерала Хазова, д.3;71914
1167;Большая Пороховская, д.42;29956
1168;Труда, д.18/10;5196
1169;Новочеркасский, д.36;69310
1170;Промышленная, д.2;9646
1171;Рябовское, д.119;199432
1172;Полярников, д.8;60651
1173;Шелгунова, д.4;78608
1174;Карла Маркса, д.17;94900
1175;Юрия Гагарина, д.7;71741
1176;Щербакова, д.29;60750
1177;Авиаконструкторов, д.15;36838
1178;Бабушкина, д.93;90703
1179;Адмиралтейская, д.27;64502
1180;Лётчика Пилютова, д.5;54282
1181;Тореза, д.33;91973
1182;Хасанская, д.14;2722
1183;Суздальский, д.83;83472
1184;Гвардейская, д.23;95979
1185;Энгельса, д.32;46937
1186;Школьная, д.88;74360
1187;Пролетарская, д.93;7543
1188;Дунайский, д.13;64840
1189;Авиаконструкторов, д.13;14804
1190;Горная, д.14;22281
1191;Вавиловых, д.8;97518
1192;Корнея Чуковского, д.12;207193
1193;Красных Партизан, д.14;68253
1194;Симонова, д.9;44465
1195;2-й Муринский, д.11;96596
1196;Таллинская, д.26;56040
1197;Испытателей, д.33;54649
1198;Цитадельское, д.39;3453
1199;Кржижановского, д.5;99480
1200;Флотская, д.14;105218
1201;Октябрьская, д.67;62943
1202;Загородная, д.42;91405
1203;Евгения Шварца, д.8;215932
1204;Октябрьская, д.2;6873
1205;Вячеслава Шишкова, д.28;3936
1206;Комсомола, д.15;124760
1207;Пилотов, д.24;6146
1208;Большая Пороховская, д.26;91850
1209;Стрельбищенская, д.4;559
1210;Большевиков, д.17;15784
1211;Бадаева, д.3;113246
1212;Савушкина, д.117;139430
1213;Искровский, д.4;48359
1214;Антокольский, д.6;213588
1215;2-я Никитинская, д.63;67001
1216;Магнитогорская, д.67;30021
1217;Тазаева, д.10;48898
1218;Матюшенко, д.14;59491
1219;Оптиков, д.34;208079
1220;Композиторов, д.22;45364
1221;Сургина, д.9;65136
1222;Анисимова, д.4;1732
1223;Учительская, д.11;85077
1224;5-й Предпортовый, д.2;10538
1225;Большеохтинский, д.11;19391
1226;Октябрьская, д.81;109956
1227;Савушкина, д.53;50597
1228;Глинки, д.4;220119
1229;Ворошилова, д.9;36529
1230;Первомайская, д.15;124003
1231;Туристская, д.2;46351
1232;Малыгина, д.7;93639
1233;Савушкина, д.133;69645
1234;Гражданская, д.17/13;196817
1235;Дыбенко, д.40;131536
1236;Добровольцев, д.16;52184
1237;Павловская, д.43;196596
1238;Гаккелевская, д.25;33452
1239;Тверская, д.9/22;111755
1240;Бутлерова, д.32;51846
1241;Евгения Шварца, д.7;218521
1242;Савушкина, д.143;91838
1243;Просвещения, д.82;62196
1244;Широкая, д.5;105964
1245;Гражданский, д.90;106801
1246;Планерная, д.67;14658
1247;Пискарёвский, д.141;52801
1248;Муринская, д.68;207224
1249;Просвещения, д.106;102435
1250;Брянцева, д.13;131369
1251;Посадская, д.22;42590
1252;Среднеохтинский, д.40;131356
1253;Казанская (Малая Охта), д.8;65203
1254;Хошимина, д.5;96506
1255;Революции, д.25;96316
1256;Енотаевская, д.4;55733
1257;Науки, д.40;12564
1258;Просвещения, д.68;12822
1259;Ветеранов, д.148;44847
1260;Демьяна Бедного, д.2;65844
1261;Новочеркасский, д.10;36687
1262;Свеаборгская, д.21;79001
1263;Стачек, д.150;107983
1264;Гражданский, д.6;110072
1265;Кушелевская, д.5;207964
1266;Светлановский, д.97;100595
1267;Шуваловский, д.41;44766
1268;Павловская, д.38/17;52227
1269;Школьная, д.90;65958
1270;Металлистов, д.38;80507
1271;Трудящихся, д.39;60305
1272;Лётчика Пилютова, д.44;205962
1273;Флотская, д.4;78106
1274;Ланское, д.33;28664
1275;Пролетарская, д.30;101172
1276;Загородная, д.41;70193
1277;Авангардная, д.39;26806
1278;Джона Рида, д.2;139151
1279;Гражданский, д.114;101066
1280;Ветеранов, д.133;64221
1281;Тихорецкий, д.8;6806
1282;Академика Константинова, д.8;113773
1283;Приморский, д.61;4824
1284;Полевая, д.15;62340
1285;Таллинская, д.21;93581
1286;Братьев Радченко, д.25;108651
1287;Тверская, д.17;87938
1288;Латышских Стрелков, д.15;128060
1289;Северный, д.65;18268
1290;Оптиков, д.50;204778
1291;Братьев Радченко, д.7/25;63525
1292;Пушкинская, д.10;110297
1293;Кронштадтское, д.12;16595
1294;Раевского, д.3;43948
1295;Бутлерова, д.18;93097
1296;Коломяжский, д.20;71858
1297;2-я Комсомольская, д.8;34099
1298;Красная, д.5;98424
1299;Богатырский, д.41;21171
1300;Генерала Хазова, д.9;78817
1301;Вячеслава Шишкова, д.22;105776
1302;Тверская, д.46;56889
1303;Тихорецкий, д.12;3701
1304;Королёва, д.29;116417
1305;Ветеранов, д.141;104849
1306;Коммуны, д.30;39012
1307;Карла Маркса, д.25;16623
1308;Парашютная, д.19;46510
1309;2-я Алексеевская, д.7;95069
1310;Черкасова, д.6;3283
1311;Тверская, д.11;36411
1312;Наставников, д.19;46958
1313;Сикейроса, д.1;7711
1314;Подвойского, д.46;67389
1315;Павловская, д.90;66932
1316;Комендантский, д.55;210838
1317;Машиностроителей, д.12;105392
1318;Октябрьская, д.31;103556
1319;Ремизова, д.17;27285
1320;Школьная, д.50/13;101401
1321;Академика Байкова, д.9;77011
1322;Фёдора Абрамова, д.4;127329
1323;Комендантский, д.53;101289
1324;Большой Сампсониевский, д.81;97685
1325;Астраханская, д.17;3416
1326;Шелгунова, д.8;56313
1327;Серебристый, д.29;98095
1328;Бабушкина, д.92;49729
1329;Горная, д.9;96859
1330;Учительская, д.17;15060
1331;Авангардная, д.7;60889
1332;Ленинградская, д.8;93199
1333;Среднеохтинский, д.35;42935
1334;Искровский, д.22;27536
1335;Торжковская, д.16;71105
1336;Большевиков, д.3;199911
1337;Трудящихся, д.21;14574
1338;Пионерстроя, д.16;50759
1339;Новгородская, д.8;7956
1340;Костюшко, д.7;23
1341;Энгельса, д.94;130850
1342;Кронштадтское, д.8;69061
1343;Ленинградская, д.12;100444
1344;Комендантский, д.9;75660
1345;Пятилеток, д.8;10157
1346;Богатырский, д.8;53398
1347;Маршала Блюхера, д.6;215023
1348;Веденеева, д.2;51841
1349;Просвещения, д.33;40357
1350;Десантника Вадима Чугунова, д.1 ;211890
1351;Ленская, д.8;22195
1352;Ленская, д.10;83807
1353;Жени Егоровой, д.3;104135
1354;Оптиков, д.52;61430
1355;Еремеева, д.7;207008
1356;Шелгунова, д.26;86270
1357;Искровский, д.9;96852
1358;Придорожная, д.31;67674
1359;Красносельское, д.55;9527
1360;Оптиков, д.45;196351
1361;Художников, д.3;64801
1362;Большеохтинский, д.6;9913
1363;Ленина, д.20/5;22395
1364;Богатырский, д.11;58414
1365;Трудящихся, д.27;106434
1366;Ветеранов, д.154;18937
1367;Долгоозёрная, д.18;34591
1368;Ленина, д.18/12;3988
1369;Туристская, д.28;59238
1370;Ново-Александровская, д.11;25523
1371;Авангардная, д.51;77467
1372;Петергофское, д.53;919
1373;Энгельса, д.132;63449
1374;Шотмана, д.18;34233
1375;Сантьяго-де-Куба, д.8;65904
1376;Стрельбищенская, д.10;11066
1377;Раумская, д.7;70048
1378;Шотмана, д.8;13425
1379;Пограничника Гарькавого, д.28;9193
1380;Партизана Германа, д.26;19362
1381;Заречная, д.25;139499
1382;Дыбенко, д.20;87551
1383;Энтузиастов, д.28;24408
1384;Энгельса, д.119;74667
1385;Суздальский, д.95;69633
1386;Пугачёва, д.4;25518
1387;Ленина, д.10;87949
1388;Приморский, д.21;95766
1389;Луначарского, д.78;124804
1390;Пролетарская, д.56;54372
1391;Даниила Хармса, д.8;206443
1392;Карла Либкнехта, д.24;350
1393;Брянцева, д.16;111892
1394;Лесное, д.4;72908
1395;Аэродромная, д.15;27583
1396;Товарищеский, д.32;58948
1397;Карпинского, д.11;106777
1398;Краснодонская, д.4;114138
1399;Пискарёвский, д.151;35618
1400;Лётчика Пилютова, д.19;111940
1401;Наставников, д.45;82470
1402;Бабушкина, д.105;48109
1403;Меншиковский, д.13;62639
1404;Красногородская, д.7;139250
1405;Велещинского, д.7/14;36228
1406;Реки Оккервиль, д.4;16796
1407;Омская, д.4;2508
1408;Гражданский, д.130;70448
1409;Ново-Александровская, д.27;27880
1410;Гусева, д.12;91433
1411;Авиаконструкторов, д.23;65511
1412;Ижорского Батальона, д.4/35;130799
1413;Колокольный, д.6;59380
1414;Малоохтинский, д.84а;40061
1415;Энгельса, д.137;20721
1416;Глинки, д.20/7;113011
1417;Товарищеский, д.9;42396
1418;Юрия Инге, д.1;196785
1419;Пятилеток, д.19;46744
1420;Меншиковский, д.5;51069
1421;Тимуровская, д.15;18180
1422;Энтузиастов, д.41;14180
1423;Бадаева, д.9;32141
1424;Коллонтай, д.29;76899
1425;Камышовая, д.22;82830
1426;Глинки, д.31;44957
1427;Пограничника Гарькавого, д.17;57440
1428;Главная, д.35;13212
1429;Московская, д.5;19123
1430;2-я Никитинская, д.65;44153
1431;Гражданский, д.79;56140
1432;Красных Партизан, д.10;1471
1433;Курская, д.40;40958
1434;Елизарова, д.18;130051
1435;Косыгина, д.23;41398
1436;Тамбасова, д.1;216186
1437;Трудящихся, д.22;41058
1438;Просвещения, д.7;40350
1439;Планерная, д.27;57160
1440;2-я Комсомольская, д.47;35654
1441;Вавилова, д.26;31336
1442;Афонская, д.14;964
1443;Щербакова, д.3;87680
1444;Оскаленко, д.4;4029
1445;Композиторов, д.24;14634
1446;Ново-Александровская, д.24;78327
1447;Непокорённых, д.66;70430
1448;Партизана Германа, д.21;49398
1449;Пролетарская, д.91;26821
1450;Ленинградская, д.89;32664
1451;Тосненский, д.8;43953
1452;Тихорецкий, д.39;101333
1453;Сапёрная, д.55;211235
1454;Новоколомяжский, д.15;31848
1455;Приозерское (Осиновая Роща), д.16;127377
1456;Тверская, д.12;87020
1457;Пулковское, д.95;7982
1458;Выборгское, д.5;66637
1459;Тореза, д.95;98846
1460;Покрышева, д.2/40;35858
1461;Северный, д.6;189818
1462;Школьная, д.32;87198
1463;Парашютная, д.4;134519
1464;Наставников, д.3;31946
1465;Костюшко, д.11;60140
1466;Южная, д.27;34740
1467;Ильюшина, д.15;100473
1468;Тосненский, д.9;53112
1469;Новоколомяжский, д.4;15811
1470;Посадская, д.52;108856
1471;Передовиков, д.29;79110
1472;Парашютная, д.22;67586
1473;Руставели, д.37;110588
1474;Ситцевая, д.5;35066
1475;Ланское, д.49;46065
1476;Коммунаров (Горелово), д.116;104487
1477;Науки, д.11;100847
1478;Седова, д.104;32302
1479;Революции, д.27;63222
1480;Серебристый, д.26;4663
1481;Павловская, д.78;3391
1482;Новобелицкая, д.6;80573
1483;Камероновская, д.7;222229
1484;Юкковское (Осиновая Роща), д.12;136260
1485;Бабушкина, д.72;113965
1486;Ланское, д.26;51514
1487;Комендантский, д.25;50309
1488;Станюковича, д.6;196756
1489;Королёва, д.54;21557
1490;Подвойского, д.29;127069
1491;Передовиков, д.33;86429
1492;Науки, д.47;82598
1493;Энтузиастов, д.44;126253
1494;Дибуновская, д.27;27137
1495;Глухарская, д.27;215486
1496;Народного Ополчения, д.231;76160
1497;Ириновский, д.37;20265
1498;Красных Зорь, д.6;92878
1499;Тамбасова, д.2;44254
1500;Ударников, д.22;32953
1501;Парашютная, д.58;208066
1502;Сизова, д.21;81861
1503;Петровская, д.19;196795
1504;Матроса Железняка, д.45;110170
1505;Юкковское (Осиновая Роща), д.14;139505
1506;Центральная, д.20;37431
1507;Камышовая, д.4;32619
1508;Флотская, д.10;108873
1509;Солидарности, д.13;26378
1510;Интернациональная, д.5/11;52208
1511;Штурманская, д.34;109401
1512;Ланское, д.18;62208
1513;Вавиловых, д.6;23192
1514;Индустриальный, д.18;6533
1515;Выборгское, д.9;93976
1516;Культуры, д.16;99230
1517;Тверская, д.60;81134
1518;Хасанская, д.24;29944
1519;Шаумяна, д.39;126233
1520;Народного Ополчения, д.229;75335
1521;Камышовая, д.3;4948
1522;Среднеохтинский, д.37;68139
1523;Шаврова, д.7;42768
1524;Заречная, д.15;218140
1525;Павловская, д.50;98920
1526;Штурманская, д.24;97802
1527;Петровская, д.12/4;44688
1528;Маршака, д.26;211788
1529;Придорожная, д.19;8970
1530;Верности, д.42;49933
1531;Придорожная, д.23;98681
1532;Коллонтай, д.49;46193
1533;Тулонская, д.4;68780
1534;Ленина, д.33;197140
1535;Коломяжский, д.9;214719
1536;Репищева, д.15;91807
1537;2-й Муринский, д.45;100943
1538;Авиаконструкторов, д.12;26250
1539;Ланское, д.12;90042
1540;Казанская (Малая Охта), д.5;31781
1541;Тореза, д.28;36735
1542;Народного Ополчения, д.207;29759
1543;Солидарности, д.19;35312
1544;Уточкина, д.2;76206
1545;Тихорецкий, д.9;24446
1546;Луначарского, д.35;78221
1547;Шаумяна, д.2;77034
1548;Савушкина, д.30;80269
1549;Бутлерова, д.16;69253
1550;Седова, д.148;92317
1551;Испытателей, д.31;42862
1552;Яхтенная, д.33;104663
1553;Щербакова, д.9;28265
1554;Ижорского Батальона, д.2;10753
1555;Ремизова, д.19;11098
1556;Энтузиастов, д.35;73807
1557;Брянцева, д.26;23684
1558;Дибуновская, д.27а;34552
1559;Андреевская, д.12;96401
1560;Загородная, д.50;111153
1561;Суздальский, д.73;15233
1562;Художников, д.9;100547
1563;Ленина, д.69;21642
1564;Гранитная, д.38;99810
1565;Политехническая, д.17;17693
1566;Тимуровская, д.30;84053
1567;Савушкина, д.68;63729
1568;Непокорённых, д.10;53217
1569;Карельский, д.5;108485
1570;Петра Смородина, д.14;61741
1571;Большеохтинский, д.12;70570
1572;Красногородская, д.9;126584
1573;Орбели, д.19;110473
1574;Посадская, д.19;91005
1575;Евдокима Огнева, д.20;26118
1576;Светлановский, д.71;10610
1577;Лесной, д.61;20568
1578;Ижорского Батальона, д.18;98100
1579;Полевая, д.25;8482
1580;Гражданский, д.105;69816
1581;Шаумяна, д.69;99905
1582;Седова, д.118;49963
1583;Седова, д.101;40258
1584;Бадаева, д.5;71921
1585;Ленина, д.61;105768
1586;Партизана Германа, д.15;658
1587;Савушкина, д.80;93593
1588;Ленина, д.19/3;106002
1589;Евгения Шварца, д.14;215901
1590;Стародеревенская, д.26;1804
1591;Фуражный, д.2;93054
1592;Партизана Германа, д.41;37350
1593;Благодатная, д.30;65868
1594;Черкасова, д.10;106198
1595;Индустриальный, д.40;47329
1596;Товарищеский, д.5;56059
1597;Рябовское, д.117;111432
1598;Освобождения, д.25;126564
1599;Богатырский, д.35;35178
1600;Кибальчича, д.4;44886
1601;Октябрьский, д.10;56171
1602;Луначарского, д.62;67594
1603;Заневский, д.7/7;28368
1604;Савушкина, д.66;84594
1605;Трудящихся, д.34;15718
1606;Ленская, д.2;54909
1607;Труда, д.4;73235
1608;Ижорского Батальона, д.16;57965
1609;Смоленская, д.11;199141
1610;Светлановский, д.72;93037
1611;1-я Утиная, д.28;113646
1612;Сердобольская, д.13;96830
1613;Яхтенная, д.22;124671
1614;Красных Зорь, д.24;25196
1615;Науки, д.3;66619
1616;Тамбасова, д.27;49954
1617;Гражданский, д.127;42751
1618;Тельмана, д.34;33735
1619;Омская, д.28;113149
1620;Станюковича, д.9;83330
1621;Светлановский, д.34;3847
1622;Савушкина, д.37;55814
1623;Суздальский, д.77;3464
1624;Мануильского, д.18;96891
1625;Цитадельское, д.43;97940
1626;Ленина, д.30/9;95230
1627;Станюковича, д.1/9;58641
1628;Подвойского, д.18;56238
1629;Трудящихся, д.33;47077
1630;Просвещения, д.54;126207
1631;Савушкина, д.125;71727
1632;Детскосельский, д.7;87963
1633;Поликарпова, д.10;24844
1634;Ушинского, д.1;76530
1635;Новаторов, д.4;98831
1636;Руставели, д.28;5564
1637;Новочеркасский, д.12;86436
1638;Омская, д.8;40110
1639;Королёва, д.65;124692
1640;Политрука Пасечника (Торики), д.10;63768
1641;Энергетиков, д.32;47699
1642;Добровольцев, д.2;98156
1643;Ижорская, д.5;9130
1644;Савушкина, д.113;89387
1645;Энгельса, д.107;15209
1646;Александровской Фермы, д.3;104963
1647;Художников, д.33;57863
1648;Смоленская, д.13;199143
1649;Евгения Шварца, д.4;214802
1650;Доблести, д.7;140237
1651;Большеохтинский, д.8;9458
1652;Культуры, д.29;66182
1653;Генерала Хазова, д.10;6758
1654;Солидарности, д.1;26253
1655;Красная, д.4/1;111308
1656;Институтский, д.16;45877
1657;Пятилеток, д.9;67607
1658;Малиновская, д.17;3272
1659;Госпитальный, д.19;132269
1660;Энтузиастов, д.20;107042
1661;Кржижановского, д.13;73960
1662;Пулковское, д.26;51129
1663;Тверская, д.22;54941
1664;Кронштадтская, д.9;51355
1665;Комендантский, д.35;61362
1666;Красная, д.17;38049
1667;Пионерская (Динамо тер.), д.6;29274
1668;Ленина, д.43;42776
1669;2-я Комсомольская, д.40;55041
1670;Стрельнинское, д.2;13220
1671;Тореза, д.112;13204
1672;Гусарская, д.8;114404
1673;Студенческая, д.5;104185
1674;Обуховской Обороны, д.245;199103
1675;Ольги Форш, д.15;47502
1676;Адмиралтейская, д.15;105193
1677;Кустодиева, д.24;86399
1678;Ударников, д.43;91672
1679;Бассейная, д.53;116877
1680;Богатырский, д.45;219054
1681;Испытателей, д.11;201921
1682;Веры Слуцкой, д.48;124124
1683;Есенина, д.8;129979
1684;Заневский, д.51;81651
1685;Стачек, д.144;70535
1686;Евдокима Огнева, д.14;88957
1687;Обуховской Обороны, д.33;36396
1688;1-й Рабфаковский, д.3;103660
1689;Ленсовета, д.87;128586
1690;Ударников, д.26;29233
1691;Коллонтай, д.33;6018
1692;2-я Жерновская, д.63;47238
1693;Танкистов, д.22;4562
1694;Раумская, д.13;24486
1695;Вавиловых, д.15;15022
1696;Королёва, д.62;216873
1697;Луначарского, д.42;83043
1698;Тимуровская, д.16;67556
1699;Просвещения, д.66;109520
1700;Корнея Чуковского, д.5;209675
1701;Оборонная, д.2;14406
1702;Владимирская, д.27;93479
1703;Матроса Железняка, д.55;62237
1704;Ижорского Батальона, д.9;111161
1705;Вербная, д.18;127955
1706;Октябрьская, д.63;52951
1707;Добровольцев, д.10;66297
1708;Среднеохтинский, д.33;201105
1709;Приморский, д.159;19159
1710;Косинова, д.9;109569
1711;Сердобольская, д.7;23350
1712;Глинки, д.1;107714
1713;Просвещения, д.5;23964
1714;Шелгунова, д.29;59830
1715;Заречная, д.10;208813
1716;Наставников, д.41;131334
1717;Ириновский, д.21;70364
1718;Ушаковская, д.3;208568
1719;Серебристый, д.24;58843
1720;Подвойского, д.32;48860
1721;Раевского, д.11;26571
1722;Карла Либкнехта, д.30;79613
1723;Южная, д.1;16463
1724;Восстания, д.5;20620
1725;Индустриальный, д.20;69445
1726;Тазаева, д.4;98012
1727;Туристская, д.13;19700
1728;Руднева, д.6;4249
1729;Пулковское, д.9;75347
1730;Дыбенко, д.11;141554
1731;Лётчика Пилютова, д.34;17470
1732;Новгородская, д.18;23440
1733;Сизова, д.12;17197
1734;Светлановский, д.61;81694
1735;Пограничника Гарькавого, д.1;39346
1736;Торжковская, д.18;33838
1737;Комендантский, д.50;27386
1738;Ветеранов, д.169;214869
1739;Савушкина, д.60а;51059
1740;Планерная, д.51;42650
1741;Приморский, д.35;19421
1742;Ленинский, д.55;175611
1743;Стародеревенская, д.24;92691
1744;Луначарского, д.7;111826
1745;Восстания, д.76;13592
1746;Красносельское, д.28;112438
1747;Солидарности, д.12;24035
1748;2-й Рабфаковский, д.9;96533
1749;Болотная, д.11;66989
1750;Пискарёвский, д.48;108308
1751;Новгородская, д.5;19298
1752;Товарищеский, д.26;903
1753;Добровольцев, д.42;95562
1754;Маршала Казакова, д.68;140295
1755;Советская, д.11;18475
1756;Энергетиков, д.9;43154
1757;Ольги Форш, д.19;7721
1758;Матроса Железняка, д.15;83358
1759;Ленская, д.5;61714
1760;Добровольцев, д.38;114056
1761;2-й Муринский, д.30;55559
1762;Ахматовская, д.6;14672
1763;Александра Ульянова, д.10;26620
1764;Тихорецкий, д.13;52983
1765;Полевая, д.18;33849
1766;Ударников, д.17;47383
1767;Ударников, д.21;39478
1768;Омская, д.29;38801
1769;Подвойского, д.20;37231
1770;Шишмарёвский, д.18;107079
1771;Лесное, д.5;139534
1772;Поликарпова, д.8;1665
1773;Полевая Сабировская, д.47;95898
1774;Ланское, д.16;70719
1775;Стачек, д.168;52658
1776;Павловская, д.27;5242
1777;Искровский, д.15;40321
1778;Серебристый, д.16;43576
1779;Тверская, д.30;19560
1780;Фейгина, д.4;10686
1781;Индустриальный, д.38;80409
1782;Савушкина, д.74;69004
1783;Клубная, д.3;42921
1784;Богатырский, д.37;81509
1785;Пилотов, д.13;54343
1786;Матроса Железняка, д.7;71386
1787;Раумская, д.11;29873
1788;Ленинградская, д.91;39480
1789;Шаумяна, д.59;75370
1790;Верности, д.44;82787
1791;Чудновского, д.9;85532
1792;Приморский, д.155;101462
1793;Большая Пороховская, д.31;63808
1794;Луначарского, д.44;54279
1795;Ивана Фомина, д.15/5;29730
1796;Кронштадтская, д.10;107054
1797;Пролетарская, д.99;73900
1798;Фаворского, д.15;49536
1799;Трудящихся, д.2;23483
1800;Богатырский, д.57;2634
1801;Заневский, д.23;68294
1802;Дыбенко, д.34;36025
1803;Петровская, д.8;39060
1804;Стрельнинское, д.4;111141
1805;Патриотов, д.34;215598
1806;Фермское, д.16;163256
1807;Флотская, д.23;9062
1808;Академика Байкова, д.11;80340
1809;Луначарского, д.40;81672
1810;Коммуны, д.26;47618
1811;Сизова, д.32;127941
1812;Наставников, д.7;44158
1813;Карпинского, д.29;3401
1814;Ленина, д.48;25565
1815;Дибуновская, д.37;5443
1816;Малиновская, д.10;90605
1817;Суздальское, д.28;215259
1818;Гусарская, д.9;16844
1819;Студенческая, д.22;77397
1820;Гаврская, д.15;72477
1821;Гаврская, д.4;17609
1822;Суздальский, д.85;110383
1823;Энгельса, д.16;19050
1824;Хошимина, д.8;34490
1825;Спирина, д.2;101804
1826;Серебристый, д.17;128542
1827;Ленина, д.21/2;113847
1828;Пролетарская, д.60;97433
1829;Савушкина, д.140;44377
1830;Гражданский, д.111;26324
1831;Заводской, д.62;60623
1832;Гражданский, д.23;52177
1833;Наставников, д.5;126251
1834;Товарищеский, д.10;103269
1835;Фрунзе, д.27;99447
1836;Антонова-Овсеенко, д.9;71989
1837;Луначарского, д.52;14178
1838;Вячеслава Шишкова, д.18;756
1839;Рябчикова, д.11;36987
1840;Мануильского, д.2а;133677
1841;Ольховая, д.20;81303
1842;Геологическая, д.42;137125
1843;Вячеслава Шишкова, д.16;100275
1844;Штурманская, д.42;15560
1845;Северный, д.22;48676
1846;Красносельское, д.52;72236
1847;Аммермана, д.15/10;38421
1848;Южная, д.21;205162
1849;Энгельса, д.129;78544
1850;Киришская, д.7;69280
1851;2-я Комсомольская, д.20;1133
1852;Евгения Шварца, д.12;216019
1853;Ушинского, д.33;100599
1854;Штурманская, д.22;33451
1855;Бутлерова, д.13;94082
1856;Окуловская, д.8;124033
1857;Чудновского, д.5;8607
1858;Омская, д.27;75355
1859;Ворошилова, д.31;131031
1860;Шаумяна, д.43;87152
1861;Труда, д.22/15;88526
1862;Лётчика Пилютова, д.32;107602
1863;Павловская, д.52;95003
1864;Крестьянский, д.5;92585
1865;Первого Мая, д.91;102878
1866;Полевая Сабировская, д.45;210810
1867;Руднева, д.1;36845
1868;Приморский, д.43;208244
1869;Демьяна Бедного, д.1;85377
1870;Хасанская, д.26;21266
1871;Дыбенко, д.23;197188
1872;Ланское, д.69;36385
1873;Художников, д.43/14;80165
1874;Сикейроса, д.4;124803
1875;Софьи Ковалевской, д.15;107987
1876;3-й Рабфаковский, д.10;85180
1877;Октябрьская, д.37;55198
1878;Просвещения, д.53;19909
1879;Тельмана, д.16;1111
1880;2-я Комсомольская, д.13;37818
1881;Приморский, д.163;82930
1882;Королёва, д.57;211871
1883;Выборгское, д.31;87143
1884;Суздальский, д.1;95944
1885;Пироговская, д.5/2;98541
1886;Композиторов, д.33/5;14678
1887;Пограничника Гарькавого, д.40;73669
1888;Лётчика Пилютова, д.46;57900
1889;Коммуны, д.13;24948
1890;Окуловская, д.4;127398
1891;Коломяжский, д.32;127935
1892;Посадская, д.1/82;71338
1893;Адмиралтейская, д.13;44201
1894;2-я Жерновская, д.28;14940
1895;Стрельбищенская, д.3;58866
1896;Большевиков, д.15;72763
1897;Главная, д.25;125926
1898;Шаумяна, д.65;93834
1899;Просвещения, д.62;6093
1900;Пятилеток, д.18;87924
1901;Чекистов, д.26;64353
1902;Карпинского, д.6;50198
1903;Королёва, д.42;98488
1904;Петергофское, д.59;70504
1905;Обуховской Обороны, д.199;163113
1906;Долгоозёрная, д.14;36346
1907;Лермонтова, д.7;57806
1908;Республиканская, д.35;217003
1909;2-я Комсомольская, д.27;78099
1910;Джона Рида, д.5;17612
1911;Пискарёвский, д.155;102672
1912;Партизана Германа, д.39;80045
1913;Ленина, д.19;107959
1914;Хлопина, д.13;99522
1915;Посадская, д.34;81116
1916;Матроса Железняка, д.21;103050
1917;Энгельса, д.100/2;1404
1918;Стародеревенская, д.20;13774
1919;Дрезденская, д.9;26547
1920;Ольминского, д.24;61596
1921;Савушкина, д.35;77700
1922;Труда, д.20/7;2173
1923;Коллонтай, д.9;21205
1924;Пугачёва, д.2/6;9548
1925;Шотмана, д.11;69298
1926;Большой Сампсониевский, д.56;32633
1927;Савушкина, д.23;27780
1928;Коммунаров (Горелово), д.120;43376
1929;Науки, д.22;73047
1930;Шаумяна, д.67;109273
1931;Бронетанковая, д.11;10007
1932;Тверская, д.50;49655
1933;Школьная, д.39/33;12803
1934;Фарфоровская, д.26;3119
1935;Тосненский, д.15;72172
1936;Байконурская, д.26;105294
1937;Кузнецова, д.14;128234
1938;Испытателей, д.20;93599
1939;Пушкинская, д.50;42543
1940;Металлургов, д.6;20146
1941;Академический, д.8;89431
1942;Непокорённых, д.74;14494
1943;Клочков, д.6;5109
1944;Савушкина, д.32;17214
1945;Бабушкина, д.60;92356
1946;Шкапина, д.13;139719
1947;Меншиковский, д.1;79965
1948;Широкая, д.6;35916
1949;Октябрьская, д.25;97341
1950;Передовиков, д.25;54794
1951;Мебельная, д.35;128547
1952;Гаккелевская, д.26;140817
1953;Зосимова, д.9;86435
1954;Культуры, д.22;5722
1955;Ново-Александровская, д.19;26059
1956;Садовая, д.22;49527
1957;Пулковское, д.29;97863
1958;Ленская, д.3;94912
1959;Павловская, д.76;17748
1960;Народного Ополчения, д.227;27856
1961;Зосимова, д.22;108436
1962;Тихорецкий, д.37;52971
1963;Савушкина, д.28;567
1964;Демьяна Бедного, д.4;18057
1965;Политрука Пасечника (Торики), д.6;33486
1966;Юкковское (Осиновая Роща), д.8;18737
1967;Аэродромная, д.11;106132
1968;Стачек, д.142;45275
1969;Пионерская (Динамо тер.), д.13;40680
1970;Торжковская, д.15;70738
1971;Коммунаров (Горелово), д.188;208058
1972;Ленинский, д.78;127194
1973;Народного Ополчения, д.13;25733
1974;Луначарского, д.21;34172
1975;Глинки, д.21;35136
1976;Пролетарская, д.46;71187
1977;2-й Рабфаковский, д.14;105598
1978;Стахановцев, д.9 б;7877
1979;Королёва, д.73;212692
1980;Вавилова, д.24;26928
1981;Освобождения, д.31;139741
1982;Заводской, д.6;27237
1983;Петровская, д.10;36945
1984;Яхтенная, д.29;109659
1985;Шелгунова, д.14;114047
1986;Обороны ул., 1А;29813
1987;Урюпин пер., 6;33109
1988;Сестрорецкая ул., 2;214497
1989;Большая Разночинная ул., 19А;38030
1990;Конюшенная ул., 38;129330
1991;Морская ул., 23;196631
1992;Волховский пер., 5;75188
1993;Новоцентральная ул., 19;89766
1994;Октябрьская наб., 70к2;27242
1995;Приморская ул., 8;101177
1996;Кушелевская дорога, 3к6;217126
1997;11-я линия ВО, 66;71859
1998;Софийская ул., 96;108819
1999;Академический пер., 12;89431
2000;Костромская ул., 7;59060
2001;Санкт-Петербургский пр., 62х;202994
2002;Чайковского ул., 28;2924
2003;Савушкина ул., 107;49658
2004;Мира ул., 14Г;112949
2005;Одесская ул., 2;106341
2006;Некрасова ул., 14Б;113801
2007;Стачек пр., 192;59173
2008;Лихардовская ул., 6;17263
2009;Ижорский завод, 4БЧ;1468
2010;Большой пр. ПС, 59;82298
2011;Обводного наб.к., 14к2;45200
2012;Репина ул., 39;46936
2013;Индустриальный пр., 25;98731
2014;Октябрьская наб., 106к2;38553
2015;Аптекарская наб., 1хх;13190
2016;Бабушкина ул., 84;77306
2017;Седова ул., 15;96215
2018;Конногвардейский бульв., 5;4070
2019;Суворовский пр., 63Р;22779
2020;Новгородская ул., 23;51507
2021;Лабутина ул., 8;1495
2022;Среднеохтинский пр., 10;201105
2023;Большой Сампсониевский пр., 66О;31009
2024;Пролетарский пр., 18;101959
2025;Приморское шоссе, 529;66346
2026;Большевиков пр., 34к2;174798
2027;Александра Блока ул., 2-4;58811
2028;12-я Линия ВО, 5;26295
2029;9-я линия ВО, 26;8783
2030;Урюпин пер., 18;77300
2031;Красного Текстильщика ул., 10-12О;138724
2032;Обводного наб.к., 123;1797
2033;Зои Космодемьянской ул., 24х;24847
2034;Загородная ул., 57;67667
2035;Железноводская ул., 3А;101975
2036;Обводного наб.к., 74В;109841
2037;Новая ул., 4А;50322
2038;Декабристов ул., 20;100683
2039;Обуховской Обороны пр., 86А;16113
2040;Люблинский пер., 2;42669
2041;Чекистов ул., 13к3;87652
2042;Гороховая ул., 75;47000
2043;Мосина ул., 144;111203
2044;Кушелевская дорога, 14;69118
2045;Аптекарский пр., 8А;74299
2046;Литейная ул., 5;59593
2047;Воскова ул., 9;198877
2048;Ленина пр., 53;42531
2049;Рижский пр., 11;37750
2050;Репина пл., 2х;42581
2051;Каменноостровский пр., 59;76313
2052;Победы ул., 28к2;68001
2053;Английская наб., 24;73619
2054;Репищева ул., 16;860
2055;Гороховая ул., 16х;51891
2056;Антоненко пер., 8;91315
2057;Балтийская ул., 34;92827
2058;Большой Сампсониевский пр., 25;219605
2059;Маршала Говорова ул., 19;12542
2060;Пушкинская ул., 29;109511
2061;Маршала Говорова ул., 16;69401
2062;Непокоренных пр., 72В;56967
2063;Труда пл., 6;90239
2064;Гороховая ул., 49;83230
2065;Стачек пр., 47ПЧ;93966
2066;Большая Посадская ул., 5;72812
2067;Фронтовая ул., 2Ж;112204
2068;Межозёрная ул., 1;133772
2069;Комсомола ул., 1-3АР;47153
2070;Дачная ул., 27;68959
2071;Аврова ул., 33В;81496
2072;Воровского ул., 15;31036
2073;Суворовский пр., 25;112674
2074;Парковая ул., 7Т;69403
2075;Кантемировская ул., 18х;83028
2076;Новосельковская ул., 3;139829
2077;Средняя ул., 32;87583
2078;Ленина пр., 42;36997
2079;Дворцовый пр., 1Р;34590
2080;Кирилловская ул., 15;59507
2081;Невский пр., 27х;223794
2082;Петропавловская ул., 8;3824
2083;Заводская ул., 13;88820
2084;13-я Красноармейская ул., 7;43218
2085;Чкаловский пр., 26;48576
2086;Рябовское шоссе, 119к5;199432
2087;Фанерная ул., 7;48876
2088;Колодезная ул., 26;92819
2089;Антонова-Овсеенко ул., 9к1;71989
2090;Левашовский пр., 7-9;67200
2091;Кузнечный пер., 15;51261
2092;Мосина ул., 106;212762
2093;Торжковская ул., 1к2;82342
2094;Фонарный пер., 18;105980
2095;Малая Разночинная ул., 9;12949
2096;2-й Муринский пр., 28Ж;8968
2097;Зверинская ул., 44;62305
2098;Чапаева ул., 3Б;37487
2099;Перепадская наб., 25;45897
2100;Артиллерийская ул., 7;1659
2101;Ленина пр., 64;10690
2102;Егорова ул., 14;72300
2103;Тарховская ул., 14;42818
2104;Ивановская ул., 21;92699
2105;11-я Красноармейская ул., 12;96261
2106;Биржевая линия ВО, 1Б;31264
2107;Обуховской Обороны пр., 287к2;48082
2108;Приморское шоссе, 704Н;55239
2109;Витебская ул., 28;85095
2110;2-я Краснофлотская ул., 24;45927
2111;Канонерский остров, 12к2;12112
2112;Измайловский пр., 2х;76374
2113;Ленина пр., 60к2;55975
2114;15-я линия ВО, 46;105566
2115;Всеволода Вишневского ул., 15;196793
2116;Синопская наб., 32;83518
2117;Верхняя ул., 15А;9425
2118;Лисичанская ул., 6;46079
2119;Червонного Казачества ул., 42;77841
2120;Ставропольская ул., 10;92538
2121;Гагаринская ул., 1;211334
2122;Волковский пр., 20к2;56521
2123;5-я Советская ул., 9;112091
2124;Земледельческая ул., 2;896
2125;11-я Красноармейская ул., 18-20;54435
2126;Владимирская ул., 27;93479
2127;Обводного наб.к., 118Н;103334
2128;Зверинская ул., 46;62305
2129;Лесная гавань, 1;201073
2130;Энгельса пр., 30;29706
2131;Куйбышева ул., 7;218264
2132;Лосиная ул., 3;62525
2133;Оранжерейная ул., 11;91797
2134;Канонерский остров, 11;53529
2135;Комсомольского наб.к., 4;94745
2136;Ольги Берггольц ул., 15;218290
2137;Косыгина пр., 9-15;57942
2138;Гражданский пр., 106к4;43824
2139;Шишмаревский пер., 16;73453
2140;Литераторов ул., 17Б;49509
2141;Невский пр., 56;95389
2142;Литейный пр., 42А1;21882
2143;Новосёлов ул., 51;101359
2144;Плуталова ул., 20;849
2145;Садовая ул., 16х;87629
2146;Загородный пр., 52Д;25365
2147;Боровая ул., 51;86084
2148;Херсонская ул., 21;196901
2149;Шкиперский проток ул., 12А1;35190
2150;Лесная ул., 58;197771
2151;Рузовская ул., 3;96940
2152;Красный пер., 5;44878
2153;Анны Зеленовой ул., 11;66668
2154;2-й Муринский пр., 12к3;97173
2155;Ленинградская ул., 26;9766
2156;Малая Морская ул., 18;30196
2157;Стремянная ул., 11А;30265
2158;Гороховая ул., 36;43087
2159;Большая Зеленина ул., 26;102460
2160;Римского-Корсакова пр., 23;103385
2161;Большой Сампсониевский пр., 66;47466
2162;Тамбовская ул., 30;75798
2163;4-я линия ВО, 47;20794
2164;Старо-Петергофский пр., 37;138891
2165;Предпортовая ул., 5;4227
2166;Московский пр., 100П;139942
2167;Ванеева ул., 3;78007
2168;Витебский пр., 107;6008
2169;Сестрорецкая ул., 7;214582
2170;Ключевая ул., 75;27039
2171;Большой Смоленский пр., 2;20791
2172;Савушкина ул., 119к3;982
2173;Средний пр. ВО, 84х;22271
2174;Коммуны ул., 67М;58197
2175;Петровский пер., 3;198928
2176;Синопская наб., 32В;83518
2177;Грибоедова наб.к., 164;93859
2178;Кустодиева ул., 3к3;221553
2179;Ленина пр., 77;48481
2180;Дмитровский пер., 10;85520
2181;Бехтерева ул., 1к2;141562
2182;Суворовский пр., 5;97769
2183;Лесной пр., 2;204221
2184;Малая Подьяческая ул., 1;50637
2185;Полярников ул., 17;36366
2186;7-я Советская ул., 3;112091
2187;18-я линия ВО, 23Б;68795
2188;Садовая ул., 20с4;52312
2189;7-я Красноармейская ул., 22-24;196955
2190;Боткинская ул., 10;210764
2191;Книпович ул., 9;61012
2192;Сердобольская ул., 31;61885
2193;2-я Советская ул., 10Б;21058
2194;Выборгское шоссе, 254А;131172
2195;Двинская ул., 20а;2233
2196;Новолитовская ул., 7;3883
2197;Церковная ул., 10;97907
2198;Чехова ул., 5Д;9183
2199;Декабристов ул., 21А;46809
2200;Капитана Воронина ул., 6;90517
2201;Перевозная ул., 6А;3479
2202;Наличная ул., 51;67884
2203;Матюшенко пер., 12;197194
2204;5-я Тарховская ул., 5а;39127
2205;Загородный пр., 5;782
2206;Заводской пр., 64А;84900
2207;5-я линия ВО, 58;210541
2208;3-я линия 2-ой половины, 61А;80676
2209;2-й Муринский пр., 9;8768
2210;Краснофлотское шоссе, 16В;125912
2211;Чернышевского пл., 11х;55170
2212;Лиговский пр., 17;218128
2213;Солидарности пр., 3к5;58773
2214;Петербургская ул., 2;124397
2215;7-я Советская ул., 27;196126
2216;Шкиперский проток ул., 21х;30028
2217;Садовая ул., 17А1;58077
2218;Римского-Корсакова пр., 4;103385
2219;Санкт-Петербургское шоссе, 47а;111333
2220;Профессора Качалова ул., 14;8596
2221;Почтамтская ул., 18;2196
2222;Егорова ул., 28А;49975
2223;Оборонная ул., 23;86751
2224;Лиственная ул., 13;39381
2225;Урицкого пр., 46;20336
2226;Печатника Григорьева ул., 18х;40804
2227;Зверинская ул., 1;82225
2228;Бухарестская ул., 6;14314
2229;4-я Красноармейская ул., 6;8695
2230;Северная дорога, 12А;126055
2231;Гражданская ул., 18;54221
2232;Бехтерева ул., 3к4;47194
2233;Тракторная ул., 4;7913
2234;Петрозаводская ул., 20;5115
2235;Большая Разночинная ул., 9;100359
2236;Сикейроса ул., 1;7711
2237;Боровая ул., 94;70375
2238;Коммуны ул., 67БИ;45050
2239;Комсомольского наб.к., 5;94745
2240;Адмиралтейская ул., 21;43338
2241;Возрождения ул., 34;102236
2242;Клубная пл., 2;8674
2243;Курортная ул., 25;49031
2244;Подъездной пер., 6Б;114254
2245;Красного Флота ул., 21;223210
2246;Дубковское шоссе, 44В;55656
2247;Урхов пер., 7;33800
2248;Кронштадтская пл., 2;15962
2249;Лермонтовский пр., 9;54977
2250;Братьев Радченко ул., 16;111234
2251;Павловский парк, 1Б;203420
2252;Танкиста Хрустицкого ул., 46;91999
2253;Лиговский пр., 232;214174
2254;Биржевой проезд, 4;10465
2255;Правленская ул., 8;37309
2256;Каменноостровский пр., 75х;203480
2257;Бумажная ул., 2;51214
2258;Михайловский пер., 4Г;66420
2259;Дибуновская ул., 29Б;89044
2260;Перекупной пер., 5;552
2261;Гродненский пер., 3;14638
2262;Губина ул., 14;75812
2263;Туристская ул., 11к1;131496
2264;10-я Красноармейская ул., 6;8695
2265;Гончарная ул., 29;92084
2266;1-я Красноармейская ул., 7-9;57254
2267;Боровая ул., 42;93653
2268;Жака Дюкло ул., 62;4856
2269;Энгельса пр., 154;72202
2270;Невский пр., 39х;80234
2271;Московский пр., 158В;273
2272;Виленский пер., 2;83445
2273;Серпуховская ул., 39;102623
2274;Детская ул., 6;84872
2275;Дибуновская ул., 37;5443
2276;Сосновая ул., 5;75251
2277;Оранжерейная ул., 51аА;105507
2278;Рылеева ул., 2;68309
2279;Колодезная ул., 11;96387
2280;Садовая ул., 50к1;219335
2281;Заневский пр., 1;199005
2282;Детскосельская ул., 17;125765
2283;Нагорная ул., 11;50590
2284;Тамбасова ул., 13к1;112376
2285;Выборгская наб., 47;71585
2286;Кадетский бульв., 1Д;2430
2287;Хасанская ул., 22к2;32597
2288;Вокзальная ул., 27Б;20086
2289;Межевая ул., 15Б;85066
2290;Солдатский пер., 1;58520
2291;Школьный пер., 18;81237
2292;Карповки наб., 31;91718
2293;Ижорский завод, 42ВС2;328
2294;Большая Пушкарская ул., 25к2Б;71797
2295;Литейный пр., 20;20753
2296;Колпинская ул., 2А;107447
2297;Макарова наб., 26;54621
2298;Садовая ул., 99;85376
2299;Лесной пр., 38а;204221
2300;Кронверкская ул., 13;54887
2301;Красногвардейская пл., 1х;51058
2302;2-я Поперечная (Ново-Ковалёво) ул., 4А;55301
2303;Невский пр., 31;223794
2304;Славянская ул., 3А;140722
2305;Коллонтай ул., 41к2;1536
2306;Гороховая ул., 60;102797
2307;Заставская ул., 13;45547
2308;Пионерская ул., 79;196886
2309;Лабораторная ул., 7;84942
2310;Пристанская ул., 25Б;64091
2311;Мойки наб., 60Б;44643
2312;Рентгена ул., 13Е;109182
2313;Победы ул., 7;59013
2314;17-я линия ВО, 54к4;95681
2315;Смольный пр., 8;11298
2316;Чернова ул., 2;93665
2317;1-я линия ВО, 46;40076
2318;Наличная ул., 25;7648
2319;Зверинская ул., 31;100069
2320;Академика Лебедева ул., 11-13;129939
2321;Солдата Корзуна ул., 3х;93812
2322;Пархоменко пр., 24;15912
2323;3-я линия ВО, 26А;33858
2324;3-я Советская ул., 48;94751
2325;Московское шоссе, 3;207285
2326;Герасимовская ул., 16;23608
2327;Бринько пер., 1х;15897
2328;Мойки наб., 83;10913
2329;Невский пр., 2;223794
2330;Тютчевская ул., 12;21234
2331;Стремянная ул., 19;28736
2332;Кронштадтская ул., 11;79608
2333;Ленина пр., 20;46154
2334;Малыгина ул., 6;21410
2335;Речной пер., 4;80355
2336;Лабутина ул., 18;198551
2337;1-я линия ул. ВО, 16;86217
2338;Межевая ул., 34;186833
2339;Глинки ул., 1;107714
2340;Фурштатская ул., 36;10086
2341;Курляндская ул., 36;43578
2342;Тракторный пер., 1;222933
2343;Ждановская ул., 21;34926
2344;Псковская ул., 17;51121
2345;Раевского пр., 14;69809
2346;Комиссара Смирнова ул., 8А;16726
2347;Галерная ул., 17;107357
2348;Днепропетровская ул., 63;199113
2349;Аврова ул., 3;3025
2350;Большой пр. ПС, 81;97685
2351;2-я Комсомольская ул., 3к2;61103
2352;Смоленская ул., 13;199143
2353;Михайлова ул., 10;124758
2354;Турбинная ул., 37;71683
2355;Тепловодский пр., 16;60185
2356;Учительская ул., 2;94835
2357;Можайская ул., 45;43037
2358;Театральная пл., 4;41695
2359;Юрия Гагарина пр., 25;21950
2360;Софийский бульв., 20;104456
2361;Володарского ул., 60;93787
2362;Смоленская ул., 14с1;214933
2363;Кронверкский пр., 51;111815
2364;9-я линия ВО, 50;20847
2365;Большой Сампсониевский пр., 61Б;26451
2366;Рубинштейна ул., 22;32659
2367;Подъездной пер., 19хх;66934
2368;10-я Красноармейская ул., 11;8060
2369;Гороховая ул., 30;48726
2370;Революции шоссе, 69А;76537
2371;Обводного наб.к., 134-138к257;102253
2372;Авангардная ул., 4;100835
2373;Прямой пер., 6;110137
2374;Английский пр., 45;9841
2375;Обуховской Обороны пр., 123А;40055
2376;Грибоедова наб.к., 133;125644
2377;Чехова ул., 1;57012
2378;Юрия Гагарина пр., 7;2045
2379;Московский пр., 136к2;13386
2380;Дибуновская ул., 40;22806
2381;Бумажного наб.к., 18;106932
2382;Петергофское шоссе, 82к6;52830
2383;Обводного наб.к., 70х;201284
2384;3-я линия ВО, 58;210541
2385;Средний пр. ВО, 85;124408
2386;Аммермана ул., 15;40644
2387;Дворцовая наб., 8;77812
2388;Тихорецкий пр., 5к2;91272
2389;Тихая ул., 8;78994
2390;Бармалеева ул., 3х;57717
2391;Ленинский пр., 101;16378
2392;Большая Озёрная ул., 67;37575
2393;Варваринская ул., 33;113537
2394;Вокзальная ул., 8;35685
2395;Ново-Александровская ул., 5;3633
2396;Дрезденская ул., 4;107513
2397;Тореза пр., 37к1;28908
2398;Большая Пушкарская ул., 3;54471
2399;Малая Московская ул., 2;104131
2400;Красных Командиров пр., 20;23529
2401;Смоленская ул., 27;880
2402;Софийская ул., 19к2;200473
2403;Петровский пр., 24к2;215968
2404;Софийский бульв., 4аБ;36239
2405;Ивановская ул., 15;93229
2406;Заячий пер., 5;92486
2407;Красных Командиров пр., 1;23529
2408;Воскова ул., 2к5;73637
2409;Запорожская ул., 27к1;49733
2410;Попова ул., 2;10995
2411;Блохина ул., 19;98735
2412;Таллинская ул., 18;111806
2413;Луговая ул., 19А;99403
2414;Конная ул., 13;76981
2415;Лермонтовский пр., 36;76996
2416;Профессора Попова ул., 2х;91324
2417;Коммунистическая ул., 5В;73634
2418;Мариентальский парк, 2;199314
2419;Курляндская ул., 32;198680
2420;Лесная ул., 7Л;28226
2421;Арсенальная наб., 7;54077
2422;Бокситогорская ул., 2;7203
2423;Савушкина ул., 12;11789
2424;Савушкина ул., 37;55814
2425;Олеко Дундича ул., 32;58292
2426;Кантемировская ул., 35к2;18934
2427;Бабушкина ул., 123;26829
2428;Фурштатская ул., 38;59276
2429;Советская ул., 30;101197
2430;Парашютная ул., 46;205232
2431;Павловский парк, 54;113824
2432;Ораниенбаумское шоссе, 2Н;42971
2433;Рубинштейна ул., 29;16673
2434;Петровская ул., 8к3;5179
2435;Железнодорожная (Дибуны) ул., 11;45760
2436;Коломенская ул., 16;15607
2437;Колодезная ул., 7;97172
2438;Солнечная ул., 2-4х;197105
2439;Шаумяна пр., 26;32434
2440;Павловский парк, 38;67803
2441;Приморское шоссе, 241;15821
2442;Малая Сестра р., 1;206012
2443;Кирилловская ул., 22;64270
2444;Большая Разночинная ул., 6;818
2445;Фурштатская ул., 33;52501
2446;3-я линия ВО, 48;96708
2447;Стахановцев ул., 9;81065
2448;Большая Монетная ул., 16к1В;67779
2449;Кубинская ул., 84;3366
2450;Морская наб., 21х;94832
2451;Гельсингфорская ул., 3А;62019
2452;Индустриальный пр., 23;52236
2453;Седова ул., 6А;107246
2454;Торжковская ул., 32;9256
2455;Хлопина ул., 6;53485
2456;Бронницкая ул., 25;23406
2457;Комсомола ул., 15;124760
2458;Шкиперский проток ул., 20;125961
2459;11-я Красноармейская ул., 22;26944
2460;Красноборский пер., 2;22771
2461;Рузовская ул., 29;61365
2462;3-я Советская ул., 42;44057
2463;Ленсовета ул., 10;58935
2464;Елисеевская ул., 8;60189
2465;Моховая ул., 27-29;3317
2466;Правды ул., 8В;21170
2467;Плуталова ул., 2;3002
2468;Якорная ул., 1х;196402
2469;Колпинская ул., 12;1593
2470;Звериницкая ул., 18;34725
2471;Петровский пр., 20к6;17977
2472;12-я линия ВО, 45;90879
2473;13-я линия ВО, 18В;198083
2474;Захарьевская ул., 15;56660
2475;Малая ул., 49;106315
2476;Митрофаньевское шоссе, 15х;23053
2477;Блохина ул., 20;198869
2478;Мариентальский парк, 7;202092
2479;Кавалергардская ул., 30;74314
2480;Ленинградская ул., 1И;36839
2481;Володи Дубинина ул., 5;26693
2482;Лифляндская ул., 6к6;43343
2483;Гагаринская ул., 18;44278
2484;Советская ул., 40;20997
2485;1-я Красноармейская ул., 6;8695
2486;Невский пр., 96;223794
2487;Индустриальный пр., 50х;4795
2488;Социалистическая ул., 23А;131133
2489;Орджоникидзе ул., 31;76632
2490;Энергетиков пр., 70к3;104115
2491;2-я линия ВО, 49;60026
2492;Грузинская ул., 10к2;53504
2493;Каменноостровский пр., 25;203480
2494;Английский пр., 34;97898
2495;Алексея Толстого бульв., 6;23535
2496;Джона Рида ул., 1х;26920
2497;Балтийская ул., 3;64040
2498;Адмирала Трибуца ул., 5-7;209550
2499;Радищева ул., 34;34477
2500;Стачек пр., 156;6327
2501;Цитадельское шоссе, 30Б;89076
2502;Гончарная ул., 3;79887
2503;Бурцева ул., 22;31125
2504;Лиговский пр., 248к3;65727
2505;Кожевенная линия ВО, 40к1;75790
2506;Нагорный пер., 2;91449
2507;Обводного наб.к., 156;23773
2508;Партизана Германа ул., 14х;13352
2509;Лиговский пр., 183;20059
2510;2-й Муринский пр., 36;108395
2511;Витебская-Сортировочная ул., 1;89617
2512;Скобелевский пр., 8;32155
2513;Мгинская ул., 3;88372
2514;Черняховского ул., 12А;29690
2515;Ленинский пр., 140А;130166
2516;Юнтоловская ул., 15;50408
2517;Церковная ул., 25;33960
2518;Непокоренных пр., 47;23098
2519;Ораниенбаумский пр., 33к2;20259
2520;Малый пр. ПС, 21х;4044
2521;Большая Горская ул., 12;96682
2522;Малодетскосельский пр., 32Б;46084
2523;19-я линия ВО, 2;71209
2524;Островского пл., 2;53292
2525;Университетская наб., 23;104945
2526;Басков пер., 27;42784
2527;Выборгское шоссе, 304;14079
2528;Профессора Попова ул., 2Ю;65375
2529;Угловой пер., 4;51911
2530;Маршала Блюхера пр., 12ДН;114200
2531;Воскова ул., 2Ф;15590
2532;Выборгское шоссе, 429А;37893
2533;Ленина пр., 38А;43340
2534;Обводного наб.к., 134-138к36;15938
2535;Володи Дубинина ул., 7;19985
2536;Парковая ул., 14А;25338
2537;Павловская ул., 21;85264
2538;Коломенская ул., 6;77042
2539;Калинкин пер., 4;18003
2540;16-я линия ВО, 47;57675
2541;Лифляндская ул., 5к3;139724
2542;Крупской ул., 30;53833
2543;Кантемировская ул., 17;63194
2544;Бухарестская ул., 21х;50223
2545;Мойки наб., 108А;61614
2546;Фурштатская ул., 12;32494
2547;Лахтинский пр., 100а;33726
2548;Турбинная ул., 39;7918
2549;Бабушкина ул., 123х;26829
2550;Лахтинский пр., 70;115456
2551;Средняя ул., 26;111556
2552;Федотовская дорожка, 12;1991
2553;2-я линия ул. ВО, 27;55353
2554;Крестовский пр., 18Б;83381
2555;Фурштатская ул., 45;114209
2556;Лиговский пер., 1;196156
2557;Грибоедова наб.к., 36;132309
2558;14-я линия ВО, 19;53966
2559;Парки Ораниенбаума, 1;100758
2560;Бабушкина ул., 40;216695
2561;Кронштадтское шоссе, 50;48857
2562;Ленина ул., 19;107959
2563;Подольская ул., 18;53327
2564;Кожевенная линия ВО, 34А;55689
2565;Чайковского ул., 3;218117
2566;Полевая ул., 39;36377
2567;Полюстровский пр., 46;78545
2568;Русановская ул., 11;196121
2569;Пролетарский пр., 44;7893
2570;Адмиралтейская ул., 51;16312
2571;2-я Советская ул., 4б;72676
2572;Большая Зеленина ул., 24;212201
2573;Транспортный пер., 4;57994
2574;Волхонское шоссе, 52;59697
2575;10-я Красноармейская ул., 3А;216588
2576;Волковский пр., 6;223085
2577;Академика Лебедева ул., 10х;37950
2578;Павловское шоссе, 35;105729
2579;Миргородская ул., 3к17;14412
2580;Кожевенная линия ВО, 40;75790
2581;Будённого пр., 5;31430
2582;Елизарова пр., 11;63163
2583;Октябрьская ул., 45;110863
2584;Гражданская ул., 7;63025
2585;Луначарского пр., 76к2;128032
2586;Декабристов ул., 39;46740
2587;Артиллерийская ул., 13;1659
2588;Шпалерная ул., 51Б;45655
2589;КИМа пр., 30;52447
2590;Екатерининский парк, 5;200288
2591;Шлиссельбургское шоссе, 50;72241
2592;Морского Десанта ул., 3Б;102108
2593;Старо-Петергофский пр., 9АЖ;14979
2594;Кронштадтское шоссе, 9вМ;32875
2595;Черникова ул., 7;9198
2596;Михайловская ул., 2;216162
2597;2-я Красноармейская ул., 13;16306
2598;Курортная ул., 22Б;85854
2599;Тележная ул., 22;8291
2600;Курортная ул., 6А;86512
2601;2-я Пляжевая ул., 1Б;163240
2602;Московский пр., 191;86747
2603;Садовая ул., 105;61133
2604;Кушелевская дорога, 26х;96572
2605;Лиговский пр., 271с1;213934
2606;Короткая ул., 3;81972
2607;Александровская ул., 32В;74532
2608;Кронверкский пр., 79А;50527
2609;Межевой Канал ул., 5х11;92264
2610;Серпуховская ул., 23;18853
2611;Лиговский пр., 50к13;43851
2612;Чайковского ул., 38А;218117
2613;Марата ул., 60;48162
2614;Зоологическая ул., 5;123814
2615;Круговая ул., 14;205694
2616;Володарского ул., 31;75308
2617;Александрия парк, 7;203446
2618;Среднеохтинский пр., 39;11979
2619;Чехова ул., 8;57012
2620;Театральная ул., 1;67577
2621;Малый пр. ВО, 48;81359
2622;Римского-Корсакова пр., 37;63804
2623;Лиговский пр., 263;3036
2624;1-я линия ВО, 10;11526
2625;Петровский пр., 20С;3295
2626;1-я Нижняя ул., 11а;12219
2627;Ручейная ул., 21;131190
2628;Оскаленко ул., 21;52163
2629;Мойки наб., 75;10913
2630;Ольги Берггольц ул., 3;218290
2631;Московский пр., 205;99398
2632;Воронежская ул., 110;65306
2633;Корабельная ул., 6ЕЮ;23060
2634;Мосина ул., 24;3895
2635;Крупской ул., 8к2;60820
2636;Репищева ул., 1;52901
2637;Тарасова ул., 8;33506
2638;Обводного наб.к., 114к2;52890
2639;Большой пр. ПС, 29а;8613
2640;Московский пр., 78К;99135
2641;Адмиралтейская ул., 9;39940
2642;Веры Слуцкой ул., 12;52469
2643;Вячеслава Шишкова ул., 28к2;60890
2644;Энгельса пр., 81;101265
2645;Московское шоссе, 30к2;34622
2646;Грибакиных ул., 24;9879
2647;Парголовская ул., 10;89550
2648;Красина ул., 8;25220
2649;Кемская ул., 10;42494
2650;Мосина ул., 63А;220999
2651;Курчатова ул., 9;12927
2652;Верхний парк, 19х;41614
2653;Гвардейская ул., 12;26101
2654;Школьная ул., 132А;106122
2655;Лиговский пр., 137;62606
2656;Караваевская ул., 28;84640
2657;2-я Комсомольская ул., 21к2;25113
2658;Интернациональная ул., 15;104739
2659;Нижний парк, 1б;200560
2660;Косая линия ВО, 3А;39941
2661;Заводская ул., 20;196630
2662;Ткачей ул., 2;70552
2663;Даля ул., 10А;79308
2664;Большая Озёрная ул., 10;86683
2665;Театральная ул., 16;104422
2666;Комсомола ул., 1-3Щ;105851
2667;Стартовая ул., 6Б;64744
2668;Каменноостровский пр., 35;203480
2669;Боровая ул., 116А;82768
2670;Владимирская ул., 2;91090
2671;Остропольский пер., 1;49840
2672;Красного Курсанта ул., 34;54364
2673;Горская ул., 7;89215
2674;Каменноостровский пр., 44Б2;46176
2675;Большой Сампсониевский пр., 38;219605
2676;Среднеохтинский пр., 51;201105
2677;Мариинский пр., 35;35748
2678;Корабельная ул., 6;8496
2679;Большая Монетная ул., 17-19К;32821
2680;5-я Тарховская ул., 7;39127
2681;Малый пр. ВО, 70;30404
2682;Балканская пл., 5Ю;15349
2683;Гороховая ул., 23;103264
2684;Рябовское шоссе, 94;23205
2685;Володи Ермака ул., 21хх;53119
2686;Межевой Канал ул., 1А;42903
2687;5-я линия ВО, 68Р;72314
2688;Ивана Черных ул., 4;43783
2689;Магазейная ул., 15;196971
2690;Ярославский пр., 31;221322
2691;Кропоткина ул., 17;104058
2692;Мичурина пер., 25х;84018
2693;5-я Красноармейская ул., 8;73286
2694;Приморское шоссе, 250;80003
2695;Комсомола ул., 35Ж;86186
2696;Октябрьская наб., 104А;17538
2697;Коммуны ул., 10;203502
2698;Павловское шоссе, 54;92104
2699;Веры Слуцкой ул., 5;73035
2700;Каупиловская ул., 7А;137964
2701;Ушаковская наб., 1;112123
2702;Новоовсянниковская ул., 19А;84025
2703;Доблести ул., 26к1;23207
2704;Адмиралтейского наб.к., 5;63300
2705;Приморское шоссе, 270;71063
2706;Профессора Попова ул., 23Д;9008
2707;Приморское шоссе, 198;73350
2708;Заставская ул., 14х;8901
2709;Госпитальная ул., 7Б;64969
2710;Красного Курсанта ул., 2с1;216583
2711;Ленина пр., 52;87596
2712;Обводного наб.к., 134-138к239;102253
2713;Дворцовая наб., 38А;1281
2714;Ольминского ул., 29;61969
2715;Выборгское шоссе, 375;127332
2716;Лиговский пр., 79;78645
2717;Гороховая ул., 57;60672
2718;Чернышевского пр., 10;6861
2719;Мосина ул., 41;110346
2720;Седова ул., 94;63177
2721;2-я Поперечная (Ново-Ковалёво) ул., 3;55301
2722;Новочеркасский пр., 33;113558
2723;Пограничника Гарькавого ул., 27к2;26085
2724;Английский пр., 40;47550
2725;Танкистов ул., 28а;60325
2726;Нарвский пр., 31х;9296
2727;Литовская ул., 2к6;61210
2728;Парковая ул., 21б;10123
2729;Бумажная ул., 8Д;106555
2730;Малая Гребецкая ул., 3;93952
2731;Мира ул., 37;212112
2732;Средняя ул., 36;111556
2733;3-я Тарховская ул., 20;85641
2734;Правды ул., 1;37466
2735;Дибуны станция, 1;124444
2736;Кронверкская ул., 16х;79406
2737;Фонтанки наб., 86-88;39201
2738;Дровяная ул., 6;17836
2739;Обводного наб.к., 19;45200
2740;Рылеева ул., 24;58463
2741;Московское шоссе, 15А;95914
2742;Межевая ул., 11Б;58951
2743;Смолячкова ул., 17;23820
2744;Тихая ул., 6м;31019
2745;Разъезжая ул., 7;54936
2746;Красного Курсанта ул., 6;216583
2747;Пионерская ул., 60;62152
2748;Обводного наб.к., 76;218219
2749;Чистяковская ул., 17;124684
2750;Шаумяна пр., 32;16018
2751;Аптекарский пр., 7;41764
2752;Троицкий пр., 1х;60132
2753;Пляжевая ул., 28А;63992
2754;Пискарёвка станция, 4;16324
2755;7-я линия, 3;71772
2756;Луговая ул., 19;58207
2757;Загребский бульв., 45;205252
2758;Вёсельная ул., 7;95533
2759;1-я Красноармейская ул., 10;216588
2760;Мытнинская ул., 17-19;11913
2761;Волхонское шоссе, 26;61821
2762;Кондратьевский пр., 49;45653
2763;Седова ул., 57;83209
2764;Таллинское шоссе, 61;84775
2765;Смолячкова ул., 19;23820
2766;Лётчика Пилютова ул., 6к2;4604
2767;Чайковского ул., 36;114246
2768;Московский пр., 109;106986
2769;Обуховской Обороны пр., 110В;96373
2770;Политехническая ул., 29П;34188
2771;Мойки наб., 10;36067
2772;Фонтанки наб., 9;218204
2773;Химический пер., 4;44585
2774;Восстания ул., 6;23668
2775;Шуваловский парк, 41А;44766
2776;Маяковского ул., 3;59061
2777;8-я Красноармейская ул., 13;43218
2778;Александровская ул., 5к2;20297
2779;Бобруйская ул., 5А;17664
2780;10-я Советская ул., 8;214777
2781;Писарева ул., 18;102188
2782;Спасский пер., 5;2188
2783;Коммуны ул., 39;8184
2784;7-я Советская ул., 24;82566
2785;Парголовская ул., 11к1;56916
2786;Зверинская ул., 28-30;82987
2787;Красная ул., 1Б;47522
2788;Поварской пер., 17;10260
2789;Лиговский пр., 52З;47727
2790;9-я линия ВО, 52;85852
2791;Шпалерная ул., 9;216625
2792;Россия, Санкт-Петербург, проспект Испытателей, 33;54649
2793;Россия, Санкт-Петербург, Тучков переулок, 11/5, подъезд 1;26311
2794;Россия, Санкт-Петербург, улица Седова, 71;42400
2795;Санкт-Петербург, улица Бабушкина, 109к1;127088
2796;Россия, Санкт-Петербург, проспект Большевиков, 17;222051
2797;Санкт-Петербург, улица Академика Павлова, 6к3;27993
2798;Россия, Санкт-Петербург, Малая Балканская улица, 20;20081
2799;Россия, Санкт-Петербург, улица Моисеенко, 8-10;31910
2800;Россия, Санкт-Петербург, улица Ушинского, 31;4624
2801;Россия, Санкт-Петербург, Фермское шоссе, 12И;207203
2802;Россия, Санкт-Петербург, посёлок Парголово, улица Михаила Дудина;36011
2803;Санкт-Петербург, улица Мира, 21;15891
2804;Санкт-Петербург, Ново-Александровская улица, 11;62507
2805;Россия, Санкт-Петербург, улица Коллонтай, 17к2;96090
2806;Санкт-Петербург, Благодатная улица, 25Т;106545
2807;г Санкт-Петербург, ул Веденеева, д 4 литера А;24081
2808;Россия, Санкт-Петербург, улица Александра Невского, 9Г;61987
2809;проспект Энтузиастов, 46к2;104205
2810;Россия, Санкт-Петербург, Сестрорецк, улица Токарева, 3;76515
2811;Россия, Санкт-Петербург, Богатырский проспект, 27к4;105440
2812;Россия, Санкт-Петербург, Комендантский проспект, 12соор1;202213
2813;Россия, Санкт-Петербург, Литовская улица, 1;99541
2814;Россия, Санкт-Петербург, Ленинский проспект, 64к1;210752
2815;Россия, Санкт-Петербург, улица Дыбенко;111484
2816;г Санкт-Петербург, ул Тверская, д 15;197827
2817;Санкт-Петербург, проспект Ветеранов, 31;104518
2818;Россия, Санкт-Петербург, Пушкинский район, посёлок Шушары, Новгородский проспект, 10;205665
2819;Россия, Санкт-Петербург, Байконурская улица;56937
2820;Московский проспект, 73к6;21219
2821;Санкт-Петербург, Гончарная улица, 1;79887
2822;Россия, Санкт-Петербург, 10-я Советская улица, 9;17535
2823;Россия, Санкт-Петербург, Благодатная улица;54766
2824;Россия, Санкт-Петербург, Долгоозёрная улица, 33к1 ;97090
2825;Россия, Санкт-Петербург, Кронштадтская улица;77145
2826;Санкт-Петербург, улица Маршала Захарова, 14к2;90477
2827;Россия, Санкт-Петербург, Петергоф, Эрлеровский бульвар, 10;66736
2828;Россия, Санкт-Петербург, проспект Народного Ополчения, 29;70709
2829;Россия, Санкт-Петербург, улица Оптиков, 34к2;13880
2830;Россия, Санкт-Петербург, проспект Маршала Жукова, 34к1Е;46374
2831;Россия, Санкт-Петербург, улица Ленина, 14 ;106221
2832;Россия, Санкт-Петербург, Кременчугская улица, 13к1;206512
2833;Россия, Санкт-Петербург, Пушкинский район, посёлок Шушары, территория Пулковское, Переведенская улица, 6Б;209681
2834;Россия, Санкт-Петербург, Кондратьевский проспект, 65;129950
2835;Россия, Санкт-Петербург, улица Невзоровой, 9;219593
2836;Россия, Санкт-Петербург, Колпино, Вознесенское шоссе, 49к2В;139522
2837;Россия, Санкт-Петербург, набережная Обводного канала, 203Ч;39148
2838;Россия, Санкт-Петербург, улица Маяковского, 36-38;90843
2839;Россия, Санкт-Петербург, улица Шостаковича, 8к1;51364
2840;Россия, Санкт-Петербург, Скобелевский проспект, 19Б;88133
2841;Россия, Санкт-Петербург, улица Антонова-Овсеенко, 21;51689
2842;Санкт-Петербург, Синявинская улица, 6, подъезд 1 ;53168
2843;Россия, Санкт-Петербург, улица Бабушкина, 7;108172
2844;улица Шаврова, 19к1;138910
2845;Россия, Санкт-Петербург, Петергоф, Чичеринская улица, 2;198464
2846;Россия, Санкт-Петербург, Поварской переулок, 13;38934
2847;Россия, Санкт-Петербург, Среднерогатская улица, 20;214778
2848;Россия, Санкт-Петербург, улица Бабушкина, 3;108172
2849;Санкт-Петербург, Ириновский проспект, 41к2;55380
2850;Россия, Санкт-Петербург, проспект Ветеранов, 123;216522
2851;Россия, Санкт-Петербург, улица Академика Байкова, 13к2;106230
2852;Россия, Санкт-Петербург, улица Стойкости, 18к1;79700
2853;Россия, Санкт-Петербург, Курляндская улица, 22-24Л;81983
2854;Россия, Санкт-Петербург, улица Пестеля, 11;223771
2855;Россия, Санкт-Петербург, набережная канала Грибоедова, 8/1;56505
2856;Россия, Санкт-Петербург, улица Чайковского, 50;17478
2857;Россия, Санкт-Петербург, Пушкинский район, посёлок Шушары, территория Пулковское, 33;216377
2858;Россия, Санкт-Петербург, Пушкинский район, посёлок Шушары, территория Славянка, Колпинское шоссе, 34к3, подъезд 4;197981
2859;Россия, Санкт-Петербург, Петергоф, Ропшинское шоссе, 3А;99886
2860;Санкт-Петербург, улица Ивана Фомина, 5к1;40624
2861;Россия, Санкт-Петербург, Октябрьская набережная, 100к1;98361
2862;Санкт-Петербург, улица Стойкости, 7к2, подъезд 4;7495
2863;г Санкт-Петербург, ул Краснопутиловская, д 103;69916
2864;Россия, Санкт-Петербург, Синявинская улица, 12/49Б ;92266
2865;Россия, Санкт-Петербург, Петергоф, улица Аврова, 14А;8085
2866;Россия, Санкт-Петербург, 21-я линия Васильевского острова, 16к5;33809
2867;Россия, Санкт-Петербург, Пушкин, Набережная улица, 14;14619
2868;Санкт-Петербург, 10-я Советская улица, 9;17535
2869;Россия, Санкт-Петербург, Батайский переулок, 4;55997
2870;Санкт-Петербург, Стремянная улица, 14;45826
2871;Приморский проспект, 58к2;23096
2872;Россия, Санкт-Петербург, Кушелевская дорога, 3к7;208992
2873;Санкт-Петербург, улица Пионерстроя, 18, подъезд 1 ;49898
2874;Россия, Санкт-Петербург, Инженерная улица, 13;25549
2875;Санкт-Петербург, Таврическая улица, 2;6331
2876;Санкт-Петербург, проспект Металлистов, 117;215105
2877;г Санкт-Петербург, ул Академика Байкова, д 25 к 1;12443
2878;г Санкт-Петербург, Союзный пр-кт, д 3 к 1 стр 1;220571
2879;Санкт-Петербург, Гражданский проспект, 25к1;23761
2880;Россия, Санкт-Петербург, посёлок Парголово, улица Фёдора Абрамова, 4;127329
2881;Санкт-Петербург, Малодетскосельский проспект, 36;94360
2882;Россия, Санкт-Петербург, Гражданский проспект, 116В;30544
2883;Россия, Санкт-Петербург, Варшавская улица, 9к1;45923
2884;улица Лёни Голикова, 23к4;97669
2885;Россия, Санкт-Петербург, Среднеохтинский проспект, 29;127059
2886;Россия, Санкт-Петербург, Московский проспект, 184;47442
2887;Россия, Санкт-Петербург, 5-я Советская улица, 15-17/12 ;60145
2888;Россия, Санкт-Петербург, Богатырский проспект, 22к1;131883
2889;Россия, Санкт-Петербург, Рабфаковская улица, 3к1;53177
2890;Россия, Санкт-Петербург, Союзный проспект, 4;204813
2891;Россия, Санкт-Петербург, Комендантский проспект, 55к1;210838
2892;Россия, Санкт-Петербург, Поэтический бульвар, 11к2;84274
2893;Санкт-Петербург, Трамвайный проспект, 13к1;66409
2894;Санкт-Петербург, Новочеркасский проспект, 47к2 ;199009
2895;Россия, Санкт-Петербург, посёлок Парголово , Заречная 41 ст 1;211490
2896;Россия, Санкт-Петербург, Загородный проспект, 34;75536
2897;Санкт-Петербург, Петергоф, улица Братьев Горкушенко, 8;88703
2898;Россия, Санкт-Петербург, Новосмоленская набережная, 1 ;58913
2899;Инстиутский пр. 1;130580
2900;Грховая ул 3;133985
2901;Bycnbnencrbq ghjcgtrn 1;130580
2902;Ujhj[jdfz ek 3;61274
2903;Жлзноводск 14 А;110556
2904;15-я линия ВО 30д;62967
2905;15-я линия Васильевского 30 Д;62967
2906;Рубинштейн 2/45;45293
2907;Рубинштейна 2 45 А;76635
2908;Непокореных пр 63Ч;15293
2909;проспект непокоренных 63 ч;15293
2910;ул Бокситогорская 9 б;37851
2911;ул Бокситгрская 9Б;2854
2912;пер Гривцова 22;23634
2913;пер Гривцова 22 А;23634
2914;Гривцова 22;23634
2915;Загребский 39к1;63138
2916;бульвар Загребский 39к1;63138
2917;Загребский 39 к.1;219676
2918;Загребский 39 ;63138
2919;Пискаревский пр 125 лит.8;53927
2920;Пискаревский пр 125 лит.VII;53927
2921;Пискаревский пр 125 VIII;85373
2922;Коллонтай 32 к.1 лит.А;212513
2923;Коллонтай 32к1А;5148
2924;Коллонтай 32;5148
2925;пр. Шуваловский 32 к.3 лит.А;65357
2926;Шуваловский проспект 32к3 А;65357
2927;Iedfkjdcrbq ghjcgtrn 32 rjhgec 3 kbnthf F;9148
2928;Uhbdwjdf 22;23634
2929;He,byintqyf 2/45 ;45293
